firm,longterm,share_percent
Abbott Laboratories,0,29.71
Abbott Laboratories,0,15.54
Abbott Laboratories,0,3.74
Abbott Laboratories,1,4.25
Abbott Laboratories,0,2.96
Abbott Laboratories,0,0.11
Abbott Laboratories,0,2.32
Abbvie Inc.,0,24.91
Abbvie Inc.,0,10.65
Abbvie Inc.,0,3.34
Abbvie Inc.,0,0.59
Abbvie Inc.,1,2.67
Abbvie Inc.,0,3.15
Abbvie Inc.,0,0.45
Abbvie Inc.,0,2.44
Abbvie Inc.,0,0.11
Adobe Inc,0,34.75
Adobe Inc,0,16.25
Adobe Inc,0,15.33
Adobe Inc,0,0.38
Adobe Inc,1,4.01
Adobe Inc,0,5.61
Adobe Inc,0,0.54
Adobe Inc,0,2.71
Adobe Inc,0,0.11
Ally Financial Inc,0,38.73
Ally Financial Inc,0,19.32
Ally Financial Inc,0,31.03
Ally Financial Inc,0,1.48
Ally Financial Inc,1,12.41
Ally Financial Inc,0,6.53
Ally Financial Inc,0,2.78
Ally Financial Inc,0,3.49
Ally Financial Inc,0,0.42
Alphabet Inc.,0,21.95
Alphabet Inc.,0,10.78
Alphabet Inc.,0,9.7
Alphabet Inc.,1,2.98
Alphabet Inc.,0,3.06
Alphabet Inc.,0,5.15
Alphabet Inc.,0,0.23
Alphabet Inc.,0,2.64
"Amazon.Com, Inc.",0,25.16
"Amazon.Com, Inc.",0,10.41
"Amazon.Com, Inc.",0,8.05
"Amazon.Com, Inc.",0,0.24
"Amazon.Com, Inc.",1,2.23
"Amazon.Com, Inc.",0,1.97
"Amazon.Com, Inc.",0,0
"Amazon.Com, Inc.",0,0.38
"Amazon.Com, Inc.",0,2.05
American Airlines Group Inc.,0,20.31
American Airlines Group Inc.,0,8.3
American Airlines Group Inc.,0,25.29
American Airlines Group Inc.,0,1.01
American Airlines Group Inc.,1,1.05
American Airlines Group Inc.,0,7.58
American Airlines Group Inc.,0,2.73
American Airlines Group Inc.,0,1.18
American Electric Power Company Inc,0,38.08
American Electric Power Company Inc,0,10.27
American Electric Power Company Inc,0,12.45
American Electric Power Company Inc,1,4.61
American Electric Power Company Inc,0,2.22
American Electric Power Company Inc,0,0.34
American Electric Power Company Inc,0,1.79
American Electric Power Company Inc,0,0.12
American Express Company,0,27.44
American Express Company,0,11.91
American Express Company,0,11.98
American Express Company,1,22.83
American Express Company,0,3.61
American Express Company,0,0.28
American Express Company,0,1.47
American Express Company,0,2.32
American International Group Inc.,0,46.94
American International Group Inc.,0,9.56
American International Group Inc.,0,20.23
American International Group Inc.,1,5.68
American International Group Inc.,0,3.57
American International Group Inc.,0,0
American International Group Inc.,0,1.08
American International Group Inc.,0,2.48
"Ameriprise Financial, Inc.",0,38.85
"Ameriprise Financial, Inc.",0,9.76
"Ameriprise Financial, Inc.",0,24.57
"Ameriprise Financial, Inc.",1,2.61
"Ameriprise Financial, Inc.",0,7.13
"Ameriprise Financial, Inc.",0,0.23
"Ameriprise Financial, Inc.",0,3.52
"Ameriprise Financial, Inc.",0,0.2
Amerisourcebergen Corp,0,21.92
Amerisourcebergen Corp,0,39.06
Amerisourcebergen Corp,0,7.99
Amerisourcebergen Corp,1,2.36
Amerisourcebergen Corp,0,5.77
Amerisourcebergen Corp,0,0.3
Amerisourcebergen Corp,0,2.81
Amerisourcebergen Corp,0,0.85
Amgen Incorporated,0,34.15
Amgen Incorporated,0,13.99
Amgen Incorporated,0,15.05
Amgen Incorporated,1,2.53
Amgen Incorporated,0,2.62
Amgen Incorporated,0,0.41
Amgen Incorporated,0,2.7
Amgen Incorporated,0,0.15
Anthem Inc.,0,38.83
Anthem Inc.,0,17.47
Anthem Inc.,0,17.74
Anthem Inc.,0,1.34
Anthem Inc.,1,4.13
Anthem Inc.,0,4.47
Anthem Inc.,0,0.98
Anthem Inc.,0,2.95
Apple Inc.,0,18.71
Apple Inc.,0,5.89
Apple Inc.,0,1.59
Apple Inc.,1,1.84
Apple Inc.,0,2.14
Apple Inc.,0,0.23
Apple Inc.,0,2.51
Applied Materials Inc,0,24.49
Applied Materials Inc,0,16.52
Applied Materials Inc,0,6.44
Applied Materials Inc,0,0.13
Applied Materials Inc,1,2.21
Applied Materials Inc,0,4.11
Applied Materials Inc,0,0.12
Applied Materials Inc,0,0.77
Applied Materials Inc,0,3.03
Applied Materials Inc,0,0.11
Aramark,0,31.97
Aramark,0,41.56
Aramark,0,37.15
Aramark,0,0.89
Aramark,1,1.27
Aramark,0,3.76
Aramark,0,3.24
Aramark,0,2.28
Aramark,0,0.58
Automatic Data Processing Inc,0,38.09
Automatic Data Processing Inc,0,6.52
Automatic Data Processing Inc,0,15.33
Automatic Data Processing Inc,0,0
Automatic Data Processing Inc,1,5.95
Automatic Data Processing Inc,0,9.47
Automatic Data Processing Inc,0,0.91
Automatic Data Processing Inc,0,2.68
Autonation Inc,0,19.51
Autonation Inc,0,15.58
Autonation Inc,0,19.04
Autonation Inc,1,1.11
Autonation Inc,0,7.56
Autonation Inc,0,13.35
Autonation Inc,0,1.8
Autonation Inc,0,6.99
Autonation Inc,0,24.79
Autozone Inc,0,31.26
Autozone Inc,0,12.56
Autozone Inc,0,11.96
Autozone Inc,0,0.11
Autozone Inc,1,4.67
Autozone Inc,0,7.65
Autozone Inc,0,1.56
Autozone Inc,0,5.7
Autozone Inc,0,0.2
Baker Hughes Company,0,11.36
Baker Hughes Company,0,49.84
Baker Hughes Company,0,11.12
Baker Hughes Company,1,2.06
Baker Hughes Company,0,1.66
Baker Hughes Company,0,0.57
Baker Hughes Company,0,1.4
Bank Of America Corporation,0,22.63
Bank Of America Corporation,0,9.16
Bank Of America Corporation,0,10.4
Bank Of America Corporation,1,3.08
Bank Of America Corporation,0,1.82
Bank Of America Corporation,0,0.11
Bank Of America Corporation,0,2.37
Bank Of America Corporation,0,0.14
Bank Of America Corporation,0,0.13
Bank Of New York Mellon Corporation,0,23.13
Bank Of New York Mellon Corporation,0,18.92
Bank Of New York Mellon Corporation,0,14.19
Bank Of New York Mellon Corporation,1,12.05
Bank Of New York Mellon Corporation,0,5.44
Bank Of New York Mellon Corporation,0,0.93
Bank Of New York Mellon Corporation,0,2.68
Bank Of New York Mellon Corporation,0,0.57
Baxter International Inc,0,36.25
Baxter International Inc,0,16.4
Baxter International Inc,0,13.22
Baxter International Inc,0,0.16
Baxter International Inc,1,5.12
Baxter International Inc,0,4.03
Baxter International Inc,0,3.09
Baxter International Inc,0,5.09
Baxter International Inc,0,0.26
"Becton, Dickinson And Company",0,36.89
"Becton, Dickinson And Company",0,11.95
"Becton, Dickinson And Company",0,17.95
"Becton, Dickinson And Company",0,0.2
"Becton, Dickinson And Company",1,3.49
"Becton, Dickinson And Company",0,4.12
"Becton, Dickinson And Company",0,0.98
"Becton, Dickinson And Company",0,2.28
Berkshire Hathaway Inc.,0,12.94
Berkshire Hathaway Inc.,0,5.75
Berkshire Hathaway Inc.,0,4.52
Berkshire Hathaway Inc.,0,0
Berkshire Hathaway Inc.,0,0.22
Berkshire Hathaway Inc.,1,1.24
Berkshire Hathaway Inc.,0,1.91
Berkshire Hathaway Inc.,0,0
Berkshire Hathaway Inc.,0,0.1
Berkshire Hathaway Inc.,0,1.88
Berkshire Hathaway Inc.,0,0.27
Biogen Inc.,0,0
"Bj'S Wholesale Club Holdings, Inc.",0,53.29
"Bj'S Wholesale Club Holdings, Inc.",0,25.93
"Bj'S Wholesale Club Holdings, Inc.",0,20.4
"Bj'S Wholesale Club Holdings, Inc.",0,1.07
"Bj'S Wholesale Club Holdings, Inc.",1,5.62
"Bj'S Wholesale Club Holdings, Inc.",0,6.16
"Bj'S Wholesale Club Holdings, Inc.",0,0.13
"Bj'S Wholesale Club Holdings, Inc.",0,2.01
"Bj'S Wholesale Club Holdings, Inc.",0,2.05
"Bj'S Wholesale Club Holdings, Inc.",0,1.26
"Blackrock, Inc",0,24.65
"Blackrock, Inc",0,17.73
"Blackrock, Inc",0,10.23
"Blackrock, Inc",1,2.93
"Blackrock, Inc",0,2.25
"Blackrock, Inc",0,0.12
"Blackrock, Inc",0,12.66
"Blackrock, Inc",0,6.29
Booking Holdings Inc.,0,32.46
Booking Holdings Inc.,0,18.33
Booking Holdings Inc.,0,18.99
Booking Holdings Inc.,0,0.23
Booking Holdings Inc.,0,1.46
Booking Holdings Inc.,1,5.14
Booking Holdings Inc.,0,6.55
Booking Holdings Inc.,0,0.14
Booking Holdings Inc.,0,2.56
Booking Holdings Inc.,0,2.64
Booking Holdings Inc.,0,0.15
Boston Scientific Corp,0,35.13
Boston Scientific Corp,0,23.19
Boston Scientific Corp,0,16.63
Boston Scientific Corp,1,5.44
Boston Scientific Corp,0,4.24
Boston Scientific Corp,0,2.59
Boston Scientific Corp,0,2.95
Bristol-Myers Squibb Company,0,34.23
Bristol-Myers Squibb Company,0,13.66
Bristol-Myers Squibb Company,0,13.26
Bristol-Myers Squibb Company,0,0.26
Bristol-Myers Squibb Company,0,0.2
Bristol-Myers Squibb Company,1,2.72
Bristol-Myers Squibb Company,0,2.73
Bristol-Myers Squibb Company,0,0.26
Bristol-Myers Squibb Company,0,2.91
Bristol-Myers Squibb Company,0,0.13
Broadcom Inc.,0,28.36
Broadcom Inc.,0,29.71
Broadcom Inc.,0,10.07
Broadcom Inc.,1,2.09
Broadcom Inc.,0,2.14
Broadcom Inc.,0,2.42
Broadcom Inc.,0,0.1
Broadcom Inc.,0,2.28
Broadcom Inc.,0,0.1
"C.H. Robinson Worldwide, Inc.",0,47.69
"C.H. Robinson Worldwide, Inc.",0,11.52
"C.H. Robinson Worldwide, Inc.",0,29.63
"C.H. Robinson Worldwide, Inc.",1,2.77
"C.H. Robinson Worldwide, Inc.",0,6.46
"C.H. Robinson Worldwide, Inc.",0,1.22
"C.H. Robinson Worldwide, Inc.",0,3.25
"C.H. Robinson Worldwide, Inc.",0,0.32
Capital One Financial Corporation,0,21.6
Capital One Financial Corporation,0,12.26
Capital One Financial Corporation,0,7.93
Capital One Financial Corporation,0,1.99
Capital One Financial Corporation,1,3.24
Capital One Financial Corporation,0,2.61
Capital One Financial Corporation,0,0.6
Capital One Financial Corporation,0,2.17
Capital One Financial Corporation,0,0.14
Cardinal Health Inc,0,38.13
Cardinal Health Inc,0,11.66
Cardinal Health Inc,0,5.64
Cardinal Health Inc,1,4.43
Cardinal Health Inc,0,5.03
Cardinal Health Inc,0,1.16
Cardinal Health Inc,0,2.73
Cardinal Health Inc,0,0.22
"Cbre Group, Inc.",0,27.08
"Cbre Group, Inc.",0,22.61
"Cbre Group, Inc.",0,5.56
"Cbre Group, Inc.",1,8.59
"Cbre Group, Inc.",0,6.28
"Cbre Group, Inc.",0,3.05
"Cbre Group, Inc.",0,4.22
"Cbre Group, Inc.",0,0.41
Cdw Corp,0,30.89
Cdw Corp,0,17.19
Cdw Corp,0,22.19
Cdw Corp,1,6.18
Cdw Corp,0,9.96
Cdw Corp,0,5.42
Cdw Corp,0,2.97
Cdw Corp,0,0.79
Centene Corp,0,36.85
Centene Corp,0,27.37
Centene Corp,0,18.3
Centene Corp,0,0.21
Centene Corp,1,2.03
Centene Corp,0,4.67
Centene Corp,0,0.11
Centene Corp,0,4.7
Centene Corp,0,2.9
Centene Corp,0,0.66
"Centerpoint Energy, Inc.",0,33.68
"Centerpoint Energy, Inc.",0,17.42
"Centerpoint Energy, Inc.",0,17.32
"Centerpoint Energy, Inc.",0,0.31
"Centerpoint Energy, Inc.",1,6.29
"Centerpoint Energy, Inc.",0,4.09
"Centerpoint Energy, Inc.",0,1.51
"Centerpoint Energy, Inc.",0,2.58
"Centerpoint Energy, Inc.",0,0.26
"Charles Schwab Corporation, The",0,40.76
"Charles Schwab Corporation, The",0,17.32
"Charles Schwab Corporation, The",0,13.29
"Charles Schwab Corporation, The",0,0.11
"Charles Schwab Corporation, The",1,5.48
"Charles Schwab Corporation, The",0,3.88
"Charles Schwab Corporation, The",0,2.53
"Charles Schwab Corporation, The",0,2.3
"Charles Schwab Corporation, The",0,0.31
"Charles Schwab Corporation, The",0,0.15
"Charter Communications, Inc.",0,15.43
"Charter Communications, Inc.",0,29.89
"Charter Communications, Inc.",0,6.65
"Charter Communications, Inc.",0,0.39
"Charter Communications, Inc.",1,4.21
"Charter Communications, Inc.",0,7.32
"Charter Communications, Inc.",0,0.35
"Charter Communications, Inc.",0,0.96
Chevron Corporation,0,31.45
Chevron Corporation,0,8.94
Chevron Corporation,0,10.62
Chevron Corporation,1,3.16
Chevron Corporation,0,1.91
Chevron Corporation,0,0.22
Chevron Corporation,0,2.3
Cigna Corporation,0,38.89
Cigna Corporation,0,21.41
Cigna Corporation,0,13.5
Cigna Corporation,0,0.13
Cigna Corporation,1,5.55
Cigna Corporation,0,2.95
Cigna Corporation,0,1.42
Cigna Corporation,0,2.48
Cigna Corporation,0,0.29
Cisco Systems Inc,0,36.68
Cisco Systems Inc,0,109.02
Cisco Systems Inc,0,3.24
Cisco Systems Inc,1,2.31
Cisco Systems Inc,0,2.31
Cisco Systems Inc,0,0.36
Cisco Systems Inc,0,2.83
Cisco Systems Inc,0,0.13
Citigroup Inc,0,32.06
Citigroup Inc,0,9.39
Citigroup Inc,0,16.17
Citigroup Inc,0,0
Citigroup Inc,1,5.51
Citigroup Inc,0,2.77
Citigroup Inc,0,0.48
Citigroup Inc,0,3.08
Citigroup Inc,0,0.11
Cognizant Technology Solutions Corp,0,42.5
Cognizant Technology Solutions Corp,0,12.28
Cognizant Technology Solutions Corp,0,19.33
Cognizant Technology Solutions Corp,0,0
Cognizant Technology Solutions Corp,1,5.66
Cognizant Technology Solutions Corp,0,3.67
Cognizant Technology Solutions Corp,0,3.2
Cognizant Technology Solutions Corp,0,3.69
Cognizant Technology Solutions Corp,0,0.12
Colgate Palmolive Co,0,34.14
Colgate Palmolive Co,0,11.81
Colgate Palmolive Co,0,14.43
Colgate Palmolive Co,1,8.6
Colgate Palmolive Co,0,3.17
Colgate Palmolive Co,0,0.47
Colgate Palmolive Co,0,3.47
Colgate Palmolive Co,0,0.16
Comcast Corporation,0,34.22
Comcast Corporation,0,17.93
Comcast Corporation,0,14.61
Comcast Corporation,0,0.36
Comcast Corporation,0,0.12
Comcast Corporation,1,6.34
Comcast Corporation,0,2.71
Comcast Corporation,0,0
Comcast Corporation,0,0.84
Comcast Corporation,0,2.68
Comcast Corporation,0,0.11
Community Health Systems Inc,0,35.96
Community Health Systems Inc,0,17.92
Community Health Systems Inc,0,16.02
Community Health Systems Inc,0,0.41
Community Health Systems Inc,1,0.9
Community Health Systems Inc,0,7.48
Community Health Systems Inc,0,22.99
Community Health Systems Inc,0,3.08
Community Health Systems Inc,0,1.31
Community Health Systems Inc,0,0.24
Conocophillips,0,35.87
Conocophillips,0,11.25
Conocophillips,0,12.58
Conocophillips,1,4.23
Conocophillips,0,2.68
Conocophillips,0,0.64
Conocophillips,0,2.65
Conocophillips,0,0.15
"Consolidated Edison, Inc.",0,30.32
"Consolidated Edison, Inc.",0,6.98
"Consolidated Edison, Inc.",0,10.91
"Consolidated Edison, Inc.",1,3.76
"Consolidated Edison, Inc.",0,3.47
"Consolidated Edison, Inc.",0,0.36
"Consolidated Edison, Inc.",0,3.14
"Consolidated Edison, Inc.",0,0.1
Corning Inc,0,34.26
Corning Inc,0,12.26
Corning Inc,0,18.02
Corning Inc,1,3.59
Corning Inc,0,2.98
Corning Inc,0,0.49
Corning Inc,0,2.58
Costco Wholesale Corp,0,22.77
Costco Wholesale Corp,0,10.82
Costco Wholesale Corp,0,3.27
Costco Wholesale Corp,1,3.63
Costco Wholesale Corp,0,3.09
Costco Wholesale Corp,0,1
Costco Wholesale Corp,0,2.56
Csx Corp,0,26.91
Csx Corp,0,23.29
Csx Corp,0,12.61
Csx Corp,0,0.17
Csx Corp,1,2.7
Csx Corp,0,3.7
Csx Corp,0,0.33
Csx Corp,0,2.26
Cummins Inc.,0,40.8
Cummins Inc.,0,14.2
Cummins Inc.,0,19.38
Cummins Inc.,1,5.05
Cummins Inc.,0,4.18
Cummins Inc.,0,0.15
Cummins Inc.,0,2.48
Cummins Inc.,0,0.26
Cvs Health Corporation,0,36.74
Cvs Health Corporation,0,11.78
Cvs Health Corporation,0,12.88
Cvs Health Corporation,1,2.39
Cvs Health Corporation,0,2.27
Cvs Health Corporation,0,0.54
Cvs Health Corporation,0,3.36
Danaher Corp,0,27.28
Danaher Corp,0,14.55
Danaher Corp,0,5.83
Danaher Corp,1,3.54
Danaher Corp,0,3.17
Danaher Corp,0,0
Danaher Corp,0,0.67
Danaher Corp,0,2.72
Davita Inc.,0,31.13
Davita Inc.,0,6.93
Davita Inc.,0,13.44
Davita Inc.,1,31.54
Davita Inc.,0,5.45
Davita Inc.,0,2.78
Davita Inc.,0,4.63
Davita Inc.,0,0.13
Deere & Co,0,26.27
Deere & Co,0,7
Deere & Co,0,6.45
Deere & Co,0,0.11
Deere & Co,1,2.86
Deere & Co,0,1.89
Deere & Co,0,0.39
Deere & Co,0,2.52
Deere & Co,0,0
"Delta Air Lines, Inc.",0,21.29
"Delta Air Lines, Inc.",0,14.63
"Delta Air Lines, Inc.",0,19.5
"Delta Air Lines, Inc.",0,0.6
"Delta Air Lines, Inc.",1,2.97
"Delta Air Lines, Inc.",0,5.59
"Delta Air Lines, Inc.",0,1.6
"Delta Air Lines, Inc.",0,1.96
"Delta Air Lines, Inc.",0,0.17
Discover Financial Services,0,35.99
Discover Financial Services,0,19.59
Discover Financial Services,0,24.2
Discover Financial Services,0,0.66
Discover Financial Services,1,2.6
Discover Financial Services,0,5.23
Discover Financial Services,0,1.64
Discover Financial Services,0,0.38
Discover Financial Services,0,2.69
Discover Financial Services,0,0.12
"Discovery, Inc.",0,49.78
"Discovery, Inc.",0,36.16
"Discovery, Inc.",0,19.8
"Discovery, Inc.",1,1.77
"Discovery, Inc.",0,5.78
"Discovery, Inc.",0,0
"Discovery, Inc.",0,1.61
"Discovery, Inc.",0,3.6
Dish Network Corporation,0,14.83
Dish Network Corporation,0,5.46
Dish Network Corporation,0,12.77
Dish Network Corporation,1,1.01
Dish Network Corporation,0,2.77
Dish Network Corporation,0,90.4
Dish Network Corporation,0,0.13
Dish Network Corporation,0,0.43
Dollar General Corp,0,40.9
Dollar General Corp,0,15.42
Dollar General Corp,0,14.75
Dollar General Corp,0,0.66
Dollar General Corp,0,0
Dollar General Corp,1,5.26
Dollar General Corp,0,7.16
Dollar General Corp,0,0.19
Dollar General Corp,0,0.51
Dollar General Corp,0,5.06
Dollar General Corp,0,0.24
"Dollar Tree, Inc.",0,40.41
"Dollar Tree, Inc.",0,21.55
"Dollar Tree, Inc.",0,21.48
"Dollar Tree, Inc.",0,0
"Dollar Tree, Inc.",1,3.09
"Dollar Tree, Inc.",0,5.23
"Dollar Tree, Inc.",0,0
"Dollar Tree, Inc.",0,0.93
"Dollar Tree, Inc.",0,2.83
"Dollar Tree, Inc.",0,0.28
"Dominion Energy, Inc.",0,29.81
"Dominion Energy, Inc.",0,14.25
"Dominion Energy, Inc.",0,10.4
"Dominion Energy, Inc.",1,3.51
"Dominion Energy, Inc.",0,2.42
"Dominion Energy, Inc.",0,0.23
"Dominion Energy, Inc.",0,2.39
"Dominion Energy, Inc.",0,0.14
Dte Energy Co,0,29.16
Dte Energy Co,0,19.7
Dte Energy Co,0,15.99
Dte Energy Co,1,3.45
Dte Energy Co,0,2.78
Dte Energy Co,0,0.4
Dte Energy Co,0,1.79
Dte Energy Co,0,0.32
Duke Energy Corporation,0,26.56
Duke Energy Corporation,0,9.8
Duke Energy Corporation,0,10.51
Duke Energy Corporation,1,5.74
Duke Energy Corporation,0,1.79
Duke Energy Corporation,0,0.47
Duke Energy Corporation,0,2.07
Duke Energy Corporation,0,0.14
Ebay Inc,0,38.07
Ebay Inc,0,17.84
Ebay Inc,0,18.11
Ebay Inc,0,0.13
Ebay Inc,1,4.5
Ebay Inc,0,10.42
Ebay Inc,0,0
Ebay Inc,0,1.13
Ebay Inc,0,3.36
Ebay Inc,0,0.16
Edison International,0,44.62
Edison International,0,17.69
Edison International,0,18.81
Edison International,0,0.12
Edison International,1,3.33
Edison International,0,2.21
Edison International,0,1.43
Edison International,0,2.77
Eli Lilly And Company,0,25.14
Eli Lilly And Company,0,12.28
Eli Lilly And Company,0,14.15
Eli Lilly And Company,1,4.26
Eli Lilly And Company,0,1.72
Eli Lilly And Company,0,2.29
Eli Lilly And Company,0,0.11
Emerson Electric Co,0,34.08
Emerson Electric Co,0,10.63
Emerson Electric Co,0,3.36
Emerson Electric Co,1,3.76
Emerson Electric Co,0,6.27
Emerson Electric Co,0,0.43
Emerson Electric Co,0,2.96
Emerson Electric Co,0,0.11
Energy Transfer Lp,0,17.35
Energy Transfer Lp,0,3.68
Energy Transfer Lp,0,7.15
Energy Transfer Lp,1,0.53
Energy Transfer Lp,0,3.7
Energy Transfer Lp,0,14.08
Energy Transfer Lp,0,0.42
Energy Transfer Lp,0,0.71
Energy Transfer Lp,0,0.19
Entergy Corp,0,43.22
Entergy Corp,0,13.41
Entergy Corp,0,17.17
Entergy Corp,1,4.01
Entergy Corp,0,3.67
Entergy Corp,0,0.51
Entergy Corp,0,2.98
Entergy Corp,0,0.11
Enterprise Products Partners L P,0,14.19
Enterprise Products Partners L P,0,4.15
Enterprise Products Partners L P,0,5.53
Enterprise Products Partners L P,1,1
Enterprise Products Partners L P,0,1.91
Enterprise Products Partners L P,0,32.19
Enterprise Products Partners L P,0,0.13
Enterprise Products Partners L P,0,0.53
Enterprise Products Partners L P,0,0.11
Eog Resources Inc,0,31.47
Eog Resources Inc,0,30.94
Eog Resources Inc,0,14.97
Eog Resources Inc,1,5.82
Eog Resources Inc,0,3.63
Eog Resources Inc,0,0.62
Eog Resources Inc,0,2.96
Eog Resources Inc,0,0.14
Estee Lauder Companies Inc. (The),0,20.74
Estee Lauder Companies Inc. (The),0,13.42
Estee Lauder Companies Inc. (The),0,11.57
Estee Lauder Companies Inc. (The),1,3.16
Estee Lauder Companies Inc. (The),0,3.09
Estee Lauder Companies Inc. (The),0,83.41
Estee Lauder Companies Inc. (The),0,1.52
Exelon Corporation,0,33.48
Exelon Corporation,0,19.29
Exelon Corporation,0,15.58
Exelon Corporation,1,3.44
Exelon Corporation,0,3.26
Exelon Corporation,0,0.51
Exelon Corporation,0,3.62
Exelon Corporation,0,0.25
"Expedia Group, Inc.",0,29.07
"Expedia Group, Inc.",0,20.34
"Expedia Group, Inc.",0,21.54
"Expedia Group, Inc.",0,0.41
"Expedia Group, Inc.",1,1.31
"Expedia Group, Inc.",0,19.24
"Expedia Group, Inc.",0,0
"Expedia Group, Inc.",0,9.37
"Expedia Group, Inc.",0,2.81
"Expedia Group, Inc.",0,0.13
Exxon Mobil Corp,0,23.62
Exxon Mobil Corp,0,4.99
Exxon Mobil Corp,0,10.15
Exxon Mobil Corp,1,2.25
Exxon Mobil Corp,0,1.69
Exxon Mobil Corp,0,0.32
Exxon Mobil Corp,0,2.46
"Facebook, Inc.",0,25.91
"Facebook, Inc.",0,15.21
"Facebook, Inc.",0,2.68
"Facebook, Inc.",0,0.11
"Facebook, Inc.",0,0.49
"Facebook, Inc.",1,2.37
"Facebook, Inc.",0,2.44
"Facebook, Inc.",0,62.61
"Facebook, Inc.",0,0.42
"Facebook, Inc.",0,2.27
"Facebook, Inc.",0,0.12
Federal National Mortgage Association,0,0.1
Federal National Mortgage Association,0,11.54
Federal National Mortgage Association,0,9.22
Federal National Mortgage Association,0,11.31
Federal National Mortgage Association,0,0
Federal National Mortgage Association,0,0
Fedex Corp,0,21.83
Fedex Corp,0,18.12
Fedex Corp,0,21.59
Fedex Corp,0,1.15
Fedex Corp,1,1.38
Fedex Corp,0,1.91
Fedex Corp,0,0
Fedex Corp,0,0.27
Fedex Corp,0,3.09
Fedex Corp,0,0.1
Firstenergy Corporation,0,35.45
Firstenergy Corporation,0,10.82
Firstenergy Corporation,0,19.49
Firstenergy Corporation,1,8.3
Firstenergy Corporation,0,3
Firstenergy Corporation,0,1.05
Firstenergy Corporation,0,1.5
Firstenergy Corporation,0,0.25
Freddie Mac,0,3.21
Freeport-Mcmoran Inc.,0,32.29
Freeport-Mcmoran Inc.,0,13.78
Freeport-Mcmoran Inc.,0,18.51
Freeport-Mcmoran Inc.,0,0.14
Freeport-Mcmoran Inc.,1,1.74
Freeport-Mcmoran Inc.,0,4.83
Freeport-Mcmoran Inc.,0,4.7
Freeport-Mcmoran Inc.,0,1.03
Freeport-Mcmoran Inc.,0,1.43
Freeport-Mcmoran Inc.,0,0.19
Gap Inc,0,18.54
Gap Inc,0,15.62
Gap Inc,0,16.05
Gap Inc,0,0.22
Gap Inc,1,2.47
Gap Inc,0,8.6
Gap Inc,0,0
Gap Inc,0,0.13
Gap Inc,0,2.28
Gap Inc,0,0.21
General Electric Company,0,28.82
General Electric Company,0,7.79
General Electric Company,0,15.26
General Electric Company,1,2.26
General Electric Company,0,2.17
General Electric Company,0,0.35
General Electric Company,0,2.22
Gilead Sciences Inc,0,31.54
Gilead Sciences Inc,0,25.05
Gilead Sciences Inc,0,12.72
Gilead Sciences Inc,1,2.89
Gilead Sciences Inc,0,3.41
Gilead Sciences Inc,0,1.08
Gilead Sciences Inc,0,3.1
"Goldman Sachs Group, Inc",0,27.17
"Goldman Sachs Group, Inc",0,8.4
"Goldman Sachs Group, Inc",0,14.77
"Goldman Sachs Group, Inc",1,7.29
"Goldman Sachs Group, Inc",0,2.12
"Goldman Sachs Group, Inc",0,0
"Goldman Sachs Group, Inc",0,0.11
"Goldman Sachs Group, Inc",0,2.11
Group 1 Automotive Inc,0,41.77
Group 1 Automotive Inc,0,19.36
Group 1 Automotive Inc,0,22.56
Group 1 Automotive Inc,1,6.58
Group 1 Automotive Inc,0,8.75
Group 1 Automotive Inc,0,9.05
Group 1 Automotive Inc,0,3.65
Group 1 Automotive Inc,0,0.78
Halliburton Co,0,34.6
Halliburton Co,0,13.13
Halliburton Co,0,25.21
Halliburton Co,0,0.11
Halliburton Co,1,3.14
Halliburton Co,0,2.1
Halliburton Co,0,0.35
Halliburton Co,0,2.32
"Hca Healthcare, Inc.",0,28.4
"Hca Healthcare, Inc.",0,11.5
"Hca Healthcare, Inc.",0,17.24
"Hca Healthcare, Inc.",0,0.41
"Hca Healthcare, Inc.",1,4.35
"Hca Healthcare, Inc.",0,8.46
"Hca Healthcare, Inc.",0,1.41
"Hca Healthcare, Inc.",0,2.5
Hewlett Packard Enterprise Company,0,28.16
Hewlett Packard Enterprise Company,0,18.71
Hewlett Packard Enterprise Company,0,28.14
Hewlett Packard Enterprise Company,1,2.46
Hewlett Packard Enterprise Company,0,4.1
Hewlett Packard Enterprise Company,0,0.1
Hewlett Packard Enterprise Company,0,0.16
Hewlett Packard Enterprise Company,0,2.09
Hewlett Packard Enterprise Company,0,1.02
Hollyfrontier Corporation,0,34.25
Hollyfrontier Corporation,0,18.31
Hollyfrontier Corporation,0,19.39
Hollyfrontier Corporation,1,6.01
Hollyfrontier Corporation,0,8.97
Hollyfrontier Corporation,0,1.04
Hollyfrontier Corporation,0,2.98
Hollyfrontier Corporation,0,0.22
Honeywell International Inc,0,36.21
Honeywell International Inc,0,12.38
Honeywell International Inc,0,10.58
Honeywell International Inc,1,6.53
Honeywell International Inc,0,2.11
Honeywell International Inc,0,0.1
Honeywell International Inc,0,0.87
Honeywell International Inc,0,1.37
Hp Inc.,0,23.2
Hp Inc.,0,26.95
Hp Inc.,0,7.42
Hp Inc.,1,3.05
Hp Inc.,0,5.32
Hp Inc.,0,1.83
Hp Inc.,0,2.52
Hp Inc.,0,0.17
Humana Inc.,0,38.14
Humana Inc.,0,27.18
Humana Inc.,0,13.43
Humana Inc.,0,1.98
Humana Inc.,1,3.56
Humana Inc.,0,4.5
Humana Inc.,0,0.97
Humana Inc.,0,2.85
Humana Inc.,0,0.16
Illinois Tool Works Inc,0,30.85
Illinois Tool Works Inc,0,15.78
Illinois Tool Works Inc,0,11.03
Illinois Tool Works Inc,1,10.52
Illinois Tool Works Inc,0,2.97
Illinois Tool Works Inc,0,2.47
Illinois Tool Works Inc,0,0.13
Intel Corp,0,29.43
Intel Corp,0,10.28
Intel Corp,0,12.54
Intel Corp,1,2.66
Intel Corp,0,2.92
Intel Corp,0,0.25
Intel Corp,0,2.51
Intel Corp,0,0.12
International Business Machines Corp,0,30.17
International Business Machines Corp,0,4.5
International Business Machines Corp,0,10.48
International Business Machines Corp,1,1.56
International Business Machines Corp,0,2.01
International Business Machines Corp,0,0.11
International Business Machines Corp,0,2.73
International Business Machines Corp,0,0.12
"Jabil, Inc.",0,20.72
"Jabil, Inc.",0,10.19
"Jabil, Inc.",0,13.77
"Jabil, Inc.",0,0.29
"Jabil, Inc.",1,2.88
"Jabil, Inc.",0,12.78
"Jabil, Inc.",0,1.38
"Jabil, Inc.",0,1.14
"Jabil, Inc.",0,3.27
"Jabil, Inc.",0,0.27
Johnson & Johnson,0,18.45
Johnson & Johnson,0,6.61
Johnson & Johnson,0,3.74
Johnson & Johnson,0,0.49
Johnson & Johnson,1,4.33
Johnson & Johnson,0,2.35
Johnson & Johnson,0,0.29
Johnson & Johnson,0,2.94
Johnson & Johnson,0,0.1
Jones Lang Lasalle Inc,0,35.29
Jones Lang Lasalle Inc,0,15.17
Jones Lang Lasalle Inc,0,22.4
Jones Lang Lasalle Inc,0,0.14
Jones Lang Lasalle Inc,1,4.14
Jones Lang Lasalle Inc,0,4.14
Jones Lang Lasalle Inc,0,10.07
Jones Lang Lasalle Inc,0,3.45
Jones Lang Lasalle Inc,0,0.15
Jpmorgan Chase & Co,0,28.72
Jpmorgan Chase & Co,0,10.81
Jpmorgan Chase & Co,0,10.99
Jpmorgan Chase & Co,1,3.76
Jpmorgan Chase & Co,0,2.05
Jpmorgan Chase & Co,0,0
Jpmorgan Chase & Co,0,0.69
Jpmorgan Chase & Co,0,2.55
Kimberly Clark Corp,0,37.6
Kimberly Clark Corp,0,8.24
Kimberly Clark Corp,0,11.43
Kimberly Clark Corp,1,4.17
Kimberly Clark Corp,0,3.22
Kimberly Clark Corp,0,0.32
Kimberly Clark Corp,0,3.21
Kimberly Clark Corp,0,0.15
"Kinder Morgan, Inc.",0,31.24
"Kinder Morgan, Inc.",0,4.11
"Kinder Morgan, Inc.",0,14.15
"Kinder Morgan, Inc.",1,2.09
"Kinder Morgan, Inc.",0,3.25
"Kinder Morgan, Inc.",0,0.15
"Kinder Morgan, Inc.",0,0.61
"Kinder Morgan, Inc.",0,2.41
Kohls Corporation,0,42.89
Kohls Corporation,0,14.02
Kohls Corporation,0,23.35
Kohls Corporation,0,0.5
Kohls Corporation,1,3.09
Kohls Corporation,0,8.38
Kohls Corporation,0,1.86
Kohls Corporation,0,3.51
Kohls Corporation,0,0.48
Laboratory Corp Of America Holdings,0,38.58
Laboratory Corp Of America Holdings,0,17.64
Laboratory Corp Of America Holdings,0,18.89
Laboratory Corp Of America Holdings,0,0.23
Laboratory Corp Of America Holdings,0,0.57
Laboratory Corp Of America Holdings,1,3.07
Laboratory Corp Of America Holdings,0,5.92
Laboratory Corp Of America Holdings,0,1.55
Laboratory Corp Of America Holdings,0,3.86
Laboratory Corp Of America Holdings,0,0.11
"Leidos Holdings, Inc.",0,32.32
"Leidos Holdings, Inc.",0,14.49
"Leidos Holdings, Inc.",0,15.44
"Leidos Holdings, Inc.",1,4.85
"Leidos Holdings, Inc.",0,3.64
"Leidos Holdings, Inc.",0,2.95
"Leidos Holdings, Inc.",0,1.66
Lincoln National Corp,0,33.17
Lincoln National Corp,0,14.52
Lincoln National Corp,0,19.77
Lincoln National Corp,1,5.2
Lincoln National Corp,0,8.39
Lincoln National Corp,0,1.06
Lincoln National Corp,0,3.26
Lincoln National Corp,0,0.16
Lithia Motors Inc,0,22.59
Lithia Motors Inc,0,32.83
Lithia Motors Inc,0,25.77
Lithia Motors Inc,1,2.74
Lithia Motors Inc,0,28.05
Lithia Motors Inc,0,2.28
Lithia Motors Inc,0,2.05
Lithia Motors Inc,0,0.87
"Live Nation Entertainment, Inc.",0,25.57
"Live Nation Entertainment, Inc.",0,15.95
"Live Nation Entertainment, Inc.",0,19.34
"Live Nation Entertainment, Inc.",0,1.42
"Live Nation Entertainment, Inc.",1,3.78
"Live Nation Entertainment, Inc.",0,5.97
"Live Nation Entertainment, Inc.",0,3.16
"Live Nation Entertainment, Inc.",0,12.42
"Live Nation Entertainment, Inc.",0,0.43
"Lumen Technologies, Inc.",0,29.45
"Lumen Technologies, Inc.",0,7.99
"Lumen Technologies, Inc.",0,20.11
"Lumen Technologies, Inc.",1,3.41
"Lumen Technologies, Inc.",0,3.73
"Lumen Technologies, Inc.",0,0.21
"Lumen Technologies, Inc.",0,11.21
"Lumen Technologies, Inc.",0,0.13
Manpowergroup Inc.,0,33.16
Manpowergroup Inc.,0,26.31
Manpowergroup Inc.,0,21.5
Manpowergroup Inc.,1,6.17
Manpowergroup Inc.,0,9.98
Manpowergroup Inc.,0,0.37
Manpowergroup Inc.,0,3.66
Manpowergroup Inc.,0,5.03
Marathon Petroleum Corporation,0,37.87
Marathon Petroleum Corporation,0,11.02
Marathon Petroleum Corporation,0,15.39
Marathon Petroleum Corporation,0,0.15
Marathon Petroleum Corporation,1,3.29
Marathon Petroleum Corporation,0,4.13
Marathon Petroleum Corporation,0,0.78
Marathon Petroleum Corporation,0,3.3
Marsh & Mclennan Companies Inc,0,38.5
Marsh & Mclennan Companies Inc,0,17.86
Marsh & Mclennan Companies Inc,0,6.95
Marsh & Mclennan Companies Inc,1,6.03
Marsh & Mclennan Companies Inc,0,3.09
Marsh & Mclennan Companies Inc,0,0
Marsh & Mclennan Companies Inc,0,3.75
Mastercard,0,31.09
Mastercard,0,11.95
Mastercard,0,12.02
Mastercard,0,0
Mastercard,0,0.22
Mastercard,1,3.46
Mastercard,0,3.36
Mastercard,0,0.25
Mastercard,0,2.99
"Merck & Co., Inc.",0,36.92
"Merck & Co., Inc.",0,8.86
"Merck & Co., Inc.",0,11.38
"Merck & Co., Inc.",1,3.98
"Merck & Co., Inc.",0,2.65
"Merck & Co., Inc.",0,0.67
"Merck & Co., Inc.",0,2.81
"Merck & Co., Inc.",0,0.13
Metlife Inc.,0,34.53
Metlife Inc.,0,16.9
Metlife Inc.,0,0
Metlife Inc.,0,9.99
Metlife Inc.,1,2.3
Metlife Inc.,0,2.85
Metlife Inc.,0,1.23
Metlife Inc.,0,2.17
Metlife Inc.,0,0.12
Micron Technology Inc,0,21.86
Micron Technology Inc,0,15.89
Micron Technology Inc,0,7.42
Micron Technology Inc,1,2.2
Micron Technology Inc,0,5.78
Micron Technology Inc,0,0.16
Micron Technology Inc,0,1.28
Micron Technology Inc,0,2.94
Micron Technology Inc,0,0.89
Microsoft Corporation,0,23.25
Microsoft Corporation,0,11.54
Microsoft Corporation,0,3.16
Microsoft Corporation,0,0.15
Microsoft Corporation,1,3.04
Microsoft Corporation,0,2.87
Microsoft Corporation,0,0.26
Microsoft Corporation,0,2.5
Morgan Stanley,0,33.8
Morgan Stanley,0,7.26
Morgan Stanley,0,11.23
Morgan Stanley,1,2.06
Morgan Stanley,0,2.07
Morgan Stanley,0,0.79
Morgan Stanley,0,1.91
Morgan Stanley,0,0.32
Murphy Usa Inc.,0,42.19
Murphy Usa Inc.,0,15.93
Murphy Usa Inc.,0,18.66
Murphy Usa Inc.,0,0.16
Murphy Usa Inc.,1,4.22
Murphy Usa Inc.,0,7.96
Murphy Usa Inc.,0,0
Murphy Usa Inc.,0,0.42
Murphy Usa Inc.,0,2.85
Murphy Usa Inc.,0,1.73
Navistar International Corp,0,20.45
Navistar International Corp,0,98.87
Navistar International Corp,0,14.15
Navistar International Corp,1,0.59
Navistar International Corp,0,3.48
Navistar International Corp,0,16.92
Navistar International Corp,0,1.14
Navistar International Corp,0,0.14
"Netflix, Inc.",0,28.7
"Netflix, Inc.",0,26.88
"Netflix, Inc.",0,10.97
"Netflix, Inc.",0,0.71
"Netflix, Inc.",1,2.39
"Netflix, Inc.",0,3.62
"Netflix, Inc.",0,0.12
"Netflix, Inc.",0,1.35
"Netflix, Inc.",0,2.31
"Nextera Energy, Inc.",0,40.94
"Nextera Energy, Inc.",0,6.78
"Nextera Energy, Inc.",0,13.46
"Nextera Energy, Inc.",1,3.68
"Nextera Energy, Inc.",0,6.57
"Nextera Energy, Inc.",0,0.1
"Nextera Energy, Inc.",0,0.41
"Nextera Energy, Inc.",0,3.65
Nordstrom Inc,0,33.98
Nordstrom Inc,0,12.12
Nordstrom Inc,0,11.51
Nordstrom Inc,0,0.58
Nordstrom Inc,1,2.3
Nordstrom Inc,0,9.49
Nordstrom Inc,0,0
Nordstrom Inc,0,0.54
Nordstrom Inc,0,2.68
Nordstrom Inc,0,0.43
Norfolk Southern Corp,0,38.84
Norfolk Southern Corp,0,13.81
Norfolk Southern Corp,0,10.02
Norfolk Southern Corp,1,2.67
Norfolk Southern Corp,0,2.84
Norfolk Southern Corp,0,1.02
Norfolk Southern Corp,0,2.89
Nvidia Corp,0,31.37
Nvidia Corp,0,13.6
Nvidia Corp,0,3.37
Nvidia Corp,1,2.19
Nvidia Corp,0,2.17
Nvidia Corp,0,0.15
Nvidia Corp,0,0.37
Nvidia Corp,0,2.56
Nvidia Corp,0,0.16
Occidental Petroleum Corporation,0,29.09
Occidental Petroleum Corporation,0,38.09
Occidental Petroleum Corporation,0,1.39
Occidental Petroleum Corporation,1,4.62
Occidental Petroleum Corporation,0,3.08
Occidental Petroleum Corporation,0,10
Occidental Petroleum Corporation,0,0.31
Occidental Petroleum Corporation,0,2.53
Occidental Petroleum Corporation,0,0.11
Odp Corporation,0,25.36
Odp Corporation,0,16.86
Odp Corporation,0,8
Odp Corporation,1,1.21
Odp Corporation,0,6.44
Odp Corporation,0,0.3
Odp Corporation,0,2.87
Odp Corporation,0,0.21
Omnicom Group Inc,0,40.18
Omnicom Group Inc,0,13.51
Omnicom Group Inc,0,27.2
Omnicom Group Inc,1,6.13
Omnicom Group Inc,0,9.22
Omnicom Group Inc,0,0.8
Omnicom Group Inc,0,3.46
Omnicom Group Inc,0,0.4
Oracle Corp,0,21.9
Oracle Corp,0,2.99
Oracle Corp,0,12.26
Oracle Corp,1,2.42
Oracle Corp,0,2.59
Oracle Corp,0,0
Oracle Corp,0,2.14
Paccar Inc,0,30.29
Paccar Inc,0,13.49
Paccar Inc,0,12.51
Paccar Inc,1,1.69
Paccar Inc,0,3.09
Paccar Inc,0,0.41
Paccar Inc,0,2.61
Paccar Inc,0,0.12
Parker Hannifin Corp,0,36.33
Parker Hannifin Corp,0,10.63
Parker Hannifin Corp,0,6.6
Parker Hannifin Corp,1,3.72
Parker Hannifin Corp,0,7.51
Parker Hannifin Corp,0,1.29
Parker Hannifin Corp,0,4.12
Parker Hannifin Corp,0,1.13
"Paypal Holdings, Inc.",0,31.82
"Paypal Holdings, Inc.",0,17.35
"Paypal Holdings, Inc.",0,13.95
"Paypal Holdings, Inc.",0,0.82
"Paypal Holdings, Inc.",1,3.09
"Paypal Holdings, Inc.",0,7.04
"Paypal Holdings, Inc.",0,0.25
"Paypal Holdings, Inc.",0,0.69
"Paypal Holdings, Inc.",0,3.25
"Paypal Holdings, Inc.",0,0.13
Pbf Energy Inc.,0,28.94
Pbf Energy Inc.,0,16.15
Pbf Energy Inc.,0,17.35
Pbf Energy Inc.,0,0.32
Pbf Energy Inc.,1,2.81
Pbf Energy Inc.,0,12.04
Pbf Energy Inc.,0,17.82
Pbf Energy Inc.,0,3.14
Pbf Energy Inc.,0,3.08
Pbf Energy Inc.,0,0.11
"Penske Automotive Group, Inc.",0,11.38
"Penske Automotive Group, Inc.",0,34.25
"Penske Automotive Group, Inc.",0,10.73
"Penske Automotive Group, Inc.",1,0.25
"Penske Automotive Group, Inc.",0,3.05
"Penske Automotive Group, Inc.",0,0.49
"Penske Automotive Group, Inc.",0,1.96
Pfizer Inc,0,26.03
Pfizer Inc,0,13.47
Pfizer Inc,0,11.81
Pfizer Inc,1,3.37
Pfizer Inc,0,2.2
Pfizer Inc,0,0.43
Pfizer Inc,0,2.45
Pg&E Corp,0,6.92
Pg&E Corp,0,10.92
Pg&E Corp,0,15.28
Pg&E Corp,0,1.47
Pg&E Corp,1,0.85
Pg&E Corp,0,2.53
Pg&E Corp,0,2.62
Pg&E Corp,0,1.54
Phillips 66,0,33.19
Phillips 66,0,7.06
Phillips 66,0,18.49
Phillips 66,1,2.07
Phillips 66,0,3.74
Phillips 66,0,0.21
Phillips 66,0,2.78
Phillips 66,0,0.21
"Plains Gp Holdings, L.P.",0,2.85
"Plains Gp Holdings, L.P.",0,0.88
"Plains Gp Holdings, L.P.",0,5.9
"Plains Gp Holdings, L.P.",1,1.43
"Plains Gp Holdings, L.P.",0,2.35
"Plains Gp Holdings, L.P.",0,0.21
"Plains Gp Holdings, L.P.",0,0.49
"Plains Gp Holdings, L.P.",0,0.1
Pnc Financial Services Group Inc,0,35.61
Pnc Financial Services Group Inc,0,17.57
Pnc Financial Services Group Inc,0,12.24
Pnc Financial Services Group Inc,1,5.76
Pnc Financial Services Group Inc,0,3.06
Pnc Financial Services Group Inc,0,0.37
Pnc Financial Services Group Inc,0,2.54
Pnc Financial Services Group Inc,0,0.43
Pnc Financial Services Group Inc,0,0.17
Principal Financial Group Inc,0,27.98
Principal Financial Group Inc,0,12.23
Principal Financial Group Inc,0,18.94
Principal Financial Group Inc,1,9.13
Principal Financial Group Inc,0,3.25
Principal Financial Group Inc,0,0.17
Principal Financial Group Inc,0,2.47
Principal Financial Group Inc,0,0.12
Principal Financial Group Inc,0,0.13
Procter & Gamble Co,0,27.96
Procter & Gamble Co,0,6.19
Procter & Gamble Co,0,3.33
Procter & Gamble Co,1,2.49
Procter & Gamble Co,0,2.38
Procter & Gamble Co,0,0.4
Procter & Gamble Co,0,2.7
Progressive Corp,0,33.85
Progressive Corp,0,16.86
Progressive Corp,0,16.03
Progressive Corp,1,4.37
Progressive Corp,0,5.08
Progressive Corp,0,1.76
Progressive Corp,0,3.41
Progressive Corp,0,0.21
Prudential Financial Inc.,0,29.15
Prudential Financial Inc.,0,4.75
Prudential Financial Inc.,0,10.59
Prudential Financial Inc.,1,2.5
Prudential Financial Inc.,0,3.68
Prudential Financial Inc.,0,0.21
Prudential Financial Inc.,0,2.94
Prudential Financial Inc.,0,0.1
Qualcomm Inc,0,36.35
Qualcomm Inc,0,10.79
Qualcomm Inc,0,15.06
Qualcomm Inc,1,2.52
Qualcomm Inc,0,2.51
Qualcomm Inc,0,0.73
Qualcomm Inc,0,2.37
Qualcomm Inc,0,0.15
"Qurate Retail, Inc.",0,21.19
"Qurate Retail, Inc.",0,6.39
"Qurate Retail, Inc.",0,16.69
"Qurate Retail, Inc.",1,4.47
"Qurate Retail, Inc.",0,9.56
"Qurate Retail, Inc.",0,0
"Qurate Retail, Inc.",0,0.63
"Qurate Retail, Inc.",0,1.27
Reinsurance Group Of America Inc.,0,33.63
Reinsurance Group Of America Inc.,0,18.34
Reinsurance Group Of America Inc.,0,18.44
Reinsurance Group Of America Inc.,1,13.12
Reinsurance Group Of America Inc.,0,6.62
Reinsurance Group Of America Inc.,0,0.33
Reinsurance Group Of America Inc.,0,5.86
Reinsurance Group Of America Inc.,0,0.95
"Salesforce.Com, Inc.",0,36.5
"Salesforce.Com, Inc.",0,18.29
"Salesforce.Com, Inc.",0,12.46
"Salesforce.Com, Inc.",0,0.59
"Salesforce.Com, Inc.",1,2.72
"Salesforce.Com, Inc.",0,4.15
"Salesforce.Com, Inc.",0,0.16
"Salesforce.Com, Inc.",0,0.99
"Salesforce.Com, Inc.",0,2.31
"Salesforce.Com, Inc.",0,0.1
Sempra Energy,0,40.7
Sempra Energy,0,16.41
Sempra Energy,0,13.16
Sempra Energy,1,3.16
Sempra Energy,0,2.3
Sempra Energy,0,0.49
Sempra Energy,0,3.8
Sempra Energy,0,0.21
Southern Co,0,29.63
Southern Co,0,4.94
Southern Co,0,10.12
Southern Co,1,4.69
Southern Co,0,1.64
Southern Co,0,0.25
Southern Co,0,2.49
Southern Co,0,0.17
Southwest Airlines Co.,0,28.49
Southwest Airlines Co.,0,13.61
Southwest Airlines Co.,0,26.46
Southwest Airlines Co.,0,0.23
Southwest Airlines Co.,1,2.98
Southwest Airlines Co.,0,3.72
Southwest Airlines Co.,0,1.01
Southwest Airlines Co.,0,1.67
Southwest Airlines Co.,0,0.11
"Stanley Black & Decker, Inc.",0,38.91
"Stanley Black & Decker, Inc.",0,19.42
"Stanley Black & Decker, Inc.",0,16.43
"Stanley Black & Decker, Inc.",1,6.13
"Stanley Black & Decker, Inc.",0,4.14
"Stanley Black & Decker, Inc.",0,0.47
"Stanley Black & Decker, Inc.",0,3.22
"Stanley Black & Decker, Inc.",0,0.27
State Street Corporation,0,27.51
State Street Corporation,0,18.95
State Street Corporation,0,14.65
State Street Corporation,1,9.31
State Street Corporation,0,8.36
State Street Corporation,0,0.22
State Street Corporation,0,3.64
State Street Corporation,0,4.59
State Street Corporation,0,0.16
Stonex Group Inc,0,24.67
Stonex Group Inc,0,17.65
Stonex Group Inc,0,18.39
Stonex Group Inc,1,0.75
Stonex Group Inc,0,5.18
Stonex Group Inc,0,0
Stonex Group Inc,0,0.11
Stonex Group Inc,0,0.69
Stonex Group Inc,0,0.11
Stryker Corporation,0,32
Stryker Corporation,0,6.89
Stryker Corporation,0,12.79
Stryker Corporation,1,3.71
Stryker Corporation,0,8.26
Stryker Corporation,0,0
Stryker Corporation,0,0.14
Stryker Corporation,0,2.23
Synchrony Financial,0,29.07
Synchrony Financial,0,21.88
Synchrony Financial,0,20.82
Synchrony Financial,0,0.14
Synchrony Financial,1,6.61
Synchrony Financial,0,4.39
Synchrony Financial,0,2.46
Synchrony Financial,0,11.61
Synchrony Financial,0,0.24
Target Corp,0,42.63
Target Corp,0,9.78
Target Corp,0,15.02
Target Corp,1,2.98
Target Corp,0,4.2
Target Corp,0,1.11
Target Corp,0,2.74
Target Corp,0,0.23
Tenet Healthcare Corp,0,33.68
Tenet Healthcare Corp,0,29.21
Tenet Healthcare Corp,0,23.49
Tenet Healthcare Corp,0,2.01
Tenet Healthcare Corp,1,8.61
Tenet Healthcare Corp,0,7.3
Tenet Healthcare Corp,0,4.57
Tenet Healthcare Corp,0,2.45
Tenet Healthcare Corp,0,0.47
Texas Instruments Inc,0,40.22
Texas Instruments Inc,0,10.06
Texas Instruments Inc,0,15.95
Texas Instruments Inc,1,6.31
Texas Instruments Inc,0,3.52
Texas Instruments Inc,0,0.63
Texas Instruments Inc,0,2.79
Texas Instruments Inc,0,0.14
The Allstate Corp.,0,37.26
The Allstate Corp.,0,7.98
The Allstate Corp.,0,12.85
The Allstate Corp.,1,2.83
The Allstate Corp.,0,3.96
The Allstate Corp.,0,1.02
The Allstate Corp.,0,3.36
The Allstate Corp.,0,0.2
Thermo Fisher Scientific Inc.,0,38.43
Thermo Fisher Scientific Inc.,0,16.93
Thermo Fisher Scientific Inc.,0,12.39
Thermo Fisher Scientific Inc.,1,6.64
Thermo Fisher Scientific Inc.,0,4.59
Thermo Fisher Scientific Inc.,0,0.98
Thermo Fisher Scientific Inc.,0,3.35
Thermo Fisher Scientific Inc.,0,0
Travelers Companies Inc.,0,35.99
Travelers Companies Inc.,0,16.09
Travelers Companies Inc.,0,16.18
Travelers Companies Inc.,1,7.04
Travelers Companies Inc.,0,3.91
Travelers Companies Inc.,0,0.19
Travelers Companies Inc.,0,2.98
Travelers Companies Inc.,0,0.12
Truist Financial Corporation,0,28.77
Truist Financial Corporation,0,15.85
Truist Financial Corporation,0,11.41
Truist Financial Corporation,1,3.98
Truist Financial Corporation,0,1.98
Truist Financial Corporation,0,0.11
Truist Financial Corporation,0,2.56
Truist Financial Corporation,0,0.38
Truist Financial Corporation,0,0.14
"Uber Technologies, Inc.",0,19.55
"Uber Technologies, Inc.",0,25.03
"Uber Technologies, Inc.",0,5.89
"Uber Technologies, Inc.",0,0.18
"Uber Technologies, Inc.",0,0.57
"Uber Technologies, Inc.",1,0.57
"Uber Technologies, Inc.",0,3.78
"Uber Technologies, Inc.",0,4.02
"Uber Technologies, Inc.",0,3.17
"Uber Technologies, Inc.",0,5.33
"Uber Technologies, Inc.",0,0.47
Union Pacific Corp,0,34.27
Union Pacific Corp,0,13.38
Union Pacific Corp,0,12.9
Union Pacific Corp,0,0.6
Union Pacific Corp,1,4.99
Union Pacific Corp,0,4.37
Union Pacific Corp,0,0.33
Union Pacific Corp,0,3.02
"United Airlines Holdings, Inc",0,20.4
"United Airlines Holdings, Inc",0,9.91
"United Airlines Holdings, Inc",0,26.37
"United Airlines Holdings, Inc",0,0.37
"United Airlines Holdings, Inc",1,1.52
"United Airlines Holdings, Inc",0,9.87
"United Airlines Holdings, Inc",0,6.08
"United Airlines Holdings, Inc",0,1.87
"United Airlines Holdings, Inc",0,0.51
United Parcel Service Inc,0,21.74
United Parcel Service Inc,0,7
United Parcel Service Inc,0,8.01
United Parcel Service Inc,0,0.48
United Parcel Service Inc,1,1.8
United Parcel Service Inc,0,1.18
United Parcel Service Inc,0,1.97
United Parcel Service Inc,0,1.48
Unitedhealth Group Inc.,0,36.73
Unitedhealth Group Inc.,0,22.83
Unitedhealth Group Inc.,0,12.51
Unitedhealth Group Inc.,0,0.23
Unitedhealth Group Inc.,0,0.32
Unitedhealth Group Inc.,1,3.3
Unitedhealth Group Inc.,0,2.77
Unitedhealth Group Inc.,0,0.33
Unitedhealth Group Inc.,0,3.03
Unitedhealth Group Inc.,0,0.12
Universal Health Services Inc,0,34.7
Universal Health Services Inc,0,17.11
Universal Health Services Inc,0,20.78
Universal Health Services Inc,0,0.58
Universal Health Services Inc,1,4
Universal Health Services Inc,0,5.92
Universal Health Services Inc,0,0
Universal Health Services Inc,0,1.52
Universal Health Services Inc,0,3.07
Universal Health Services Inc,0,0.1
Unum Group Inc.,0,34.32
Unum Group Inc.,0,22.38
Unum Group Inc.,0,21.84
Unum Group Inc.,0,0.27
Unum Group Inc.,1,4.41
Unum Group Inc.,0,8.13
Unum Group Inc.,0,1.2
Unum Group Inc.,0,3.62
Unum Group Inc.,0,0.15
Us Bancorp,0,26.28
Us Bancorp,0,7.34
Us Bancorp,0,12.32
Us Bancorp,1,13.7
Us Bancorp,0,2.01
Us Bancorp,0,1.25
Us Bancorp,0,2.49
Us Bancorp,0,0.74
Us Bancorp,0,0.1
Valero Energy Corp,0,37.37
Valero Energy Corp,0,10.11
Valero Energy Corp,0,18.16
Valero Energy Corp,1,4.87
Valero Energy Corp,0,2.85
Valero Energy Corp,0,0.3
Valero Energy Corp,0,0.6
Valero Energy Corp,0,2.96
Valero Energy Corp,0,0.79
Verizon Communications Inc,0,30.83
Verizon Communications Inc,0,8.98
Verizon Communications Inc,0,11.41
Verizon Communications Inc,1,2.58
Verizon Communications Inc,0,2.1
Verizon Communications Inc,0,0.32
Verizon Communications Inc,0,3.1
Verizon Communications Inc,0,0.12
Viacomcbs Inc.,0,35.05
Viacomcbs Inc.,0,26.13
Viacomcbs Inc.,0,17.57
Viacomcbs Inc.,1,2.34
Viacomcbs Inc.,0,3.63
Viacomcbs Inc.,0,0.76
Viacomcbs Inc.,0,2.69
Viacomcbs Inc.,0,0.74
Visa Inc,0,22.32
Visa Inc,0,6.66
Visa Inc,0,4.99
Visa Inc,0,0.14
Visa Inc,1,4.04
Visa Inc,0,3.47
Visa Inc,0,0.11
Visa Inc,0,1.95
Visa Inc,0,0.11
Vistra Corp,0,30.06
Vistra Corp,0,28.06
Vistra Corp,0,25.39
Vistra Corp,0,0.94
Vistra Corp,1,4.04
Vistra Corp,0,6.06
Vistra Corp,0,3.73
Vistra Corp,0,2.54
Vistra Corp,0,1.03
Walmart Inc.,0,12.02
Walmart Inc.,0,2.52
Walmart Inc.,0,6.06
Walmart Inc.,0,0.41
Walmart Inc.,1,1.28
Walmart Inc.,0,0.98
Walmart Inc.,0,50.66
Walmart Inc.,0,0.44
Walt Disney Company (The),0,29.59
Walt Disney Company (The),0,6.28
Walt Disney Company (The),0,11.19
Walt Disney Company (The),0,0.11
Walt Disney Company (The),1,4.52
Walt Disney Company (The),0,2.17
Walt Disney Company (The),0,0.49
Walt Disney Company (The),0,2.38
Waste Management Inc,0,34.94
Waste Management Inc,0,7.51
Waste Management Inc,0,13.18
Waste Management Inc,0,4.41
Waste Management Inc,1,2.42
Waste Management Inc,0,2.87
Waste Management Inc,0,0.76
Waste Management Inc,0,3.19
Waste Management Inc,0,3.56
Wells Fargo & Company,0,22.53
Wells Fargo & Company,0,8.78
Wells Fargo & Company,0,12.02
Wells Fargo & Company,1,6.38
Wells Fargo & Company,0,2.86
Wells Fargo & Company,0,0.5
Wells Fargo & Company,0,2.23
Western Digital Corp,0,43.08
Western Digital Corp,0,13.29
Western Digital Corp,0,15.08
Western Digital Corp,0,0.11
Western Digital Corp,1,2.46
Western Digital Corp,0,5.59
Western Digital Corp,0,1.05
Western Digital Corp,0,0.24
Western Digital Corp,0,2.49
Western Digital Corp,0,0.22
Whirlpool Corp,0,33.42
Whirlpool Corp,0,17.94
Whirlpool Corp,0,36.85
Whirlpool Corp,1,3.39
Whirlpool Corp,0,7.52
Whirlpool Corp,0,2.77
Whirlpool Corp,0,0.11
World Fuel Services Corp,0,45.63
World Fuel Services Corp,0,19.84
World Fuel Services Corp,0,19.98
World Fuel Services Corp,1,2.23
World Fuel Services Corp,0,9.1
World Fuel Services Corp,0,0
World Fuel Services Corp,0,0.5
World Fuel Services Corp,0,3.38
World Fuel Services Corp,0,1.03
Xcel Energy Inc.,0,38.54
Xcel Energy Inc.,0,11
Xcel Energy Inc.,0,18.99
Xcel Energy Inc.,1,3.47
Xcel Energy Inc.,0,2.38
Xcel Energy Inc.,0,0.11
Xcel Energy Inc.,0,1.77
Xcel Energy Inc.,0,0.8
"Xpo Logistics, Inc.",0,19.55
"Xpo Logistics, Inc.",0,36.76
"Xpo Logistics, Inc.",0,13.25
"Xpo Logistics, Inc.",0,18.83
"Xpo Logistics, Inc.",0,1.6
"Xpo Logistics, Inc.",1,3.32
"Xpo Logistics, Inc.",0,7.31
"Xpo Logistics, Inc.",0,0.14
"Xpo Logistics, Inc.",0,2.87
"Xpo Logistics, Inc.",0,1.12