"company","Industry","Location","Industry Ranking","Previous Industry Ranking","Previous Top 50 Ranking","Website","Overall Score","Innovation","People Management","Use of Corporate Assets","Social Responsibility","Quality of Management","Financial Soundness","Long-Term Investment Value","Quality of Products/Services","Global Competitiveness"
"BASF","Chemicals","Ludwigshafen, Germany",5,1,"","https://www.basf.com",6.17,4,5,6,5,6,2,6,5,2
"Applied Materials","Semiconductors","Santa Clara, Calif.",3,5,"","https://www.appliedmaterials.com",6.74,4,4,3,4,4,7,5,5,4
"PulteGroup","Homebuilders","Atlanta",4,3,"","https://www.pultegroupinc.com",5.4,6,4,7,5,5,6,6,3,5
"JPMorgan Chase","Megabanks","New York City",1,1,10,"https://www.jpmorganchase.com",7.12,1,1,1,2,1,1,1,1,2
"Kering","Apparel","Paris",3,3,"","https://www.kering.com",7.13,3,3,6,4,4,3,3,2,4
"LyondellBasell Industries","Chemicals","Rotterdam",4,5,"","https://www.lyondellbasell.com",6.38,6,4,2,4,2,5,4,4,4
"SoftBank Group","Telecommunications","Tokyo",5,9,"","https://www.softbank.jp",6.0,"","","","","","","","",""
"Vale","Mining, Crude-Oil Production","Rio de Janeiro",8,14,"","https://www.vale.com",5.69,11,11,9,7,12,8,8,4,8
"Mastercard","Consumer Credit Card and Related Services","Purchase, N.Y.",2,2,"","https://www.mastercard.com",7.39,3,3,2,1,2,2,2,3,2
"Electronic Arts","Entertainment","Redwood City, Calif.",4,3,"","https://www.ea.com",7.06,4,3,3,3,5,3,4,5,5
"TIAA","Insurance: Life and Health","New York City",3,8,"","https://www.tiaa.org",6.3,5,3,3,1,2,3,4,3,11
"Emerson Electric","Industrial Machinery","St. Louis",2,2,"","https://www.emerson.com",6.63,2,2,2,3,3,2,3,2,2
"LG Electronics","Electronics","Seoul",4,7,"","https://www.lg.com",6.18,3,7,5,7,6,8,6,3,4
"Danaher","Medical Products and Equipment","Washington D.C.",6,9,"","https://www.danaher.com",5.93,8,4,4,11,3,7,5,8,8
"Henry Schein","Wholesalers: Health Care","Melville, N.Y.",1,2,"","https://www.henryschein.com",7.13,1,1,1,1,1,2,1,1,1
"Sodexo","Diversified Outsourcing Services","Issy-les-Moulineaux, France",2,3,"","https://www.sodexo.com",6.21,1,5,7,1,4,4,5,2,6
"Diageo","Beverages","London",1,1,"","https://www.diageo.com",7.13,1,1,2,2,2,2,1,1,3
"Fastenal","Wholesalers: Diversified","Winona, Minn.",3,"","","https://www.fastenal.com",6.32,2,5,2,6,3,3,2,3,11
"Singapore Airlines","Airlines","Singapore",3,2,32,"https://www.singaporeair.com",5.47,6,3,4,5,3,5,6,2,2
"PNC Financial Services Group","Superregional Banks","Pittsburgh",2,2,"","https://www.pnc.com",7.33,2,2,2,2,2,2,2,2,5
"Hyatt Hotels","Hotels, Casinos, and Resorts","Chicago",3,5,"","https://www.hyatt.com",6.47,5,3,3,4,3,3,3,4,4
"BMW","Motor Vehicles","Munich",2,2,19,"https://www.bmwgroup.com",7.35,3,2,2,2,2,2,2,2,2
"Anthem","Health Care: Insurance and Managed Care","Indianapolis",5,6,"","https://www.antheminc.com",5.91,7,6,4,5,6,2,4,5,5
"Vodafone Group","Telecommunications","Newbury, U.K.",5,4,"","https://www.vodafone.com",6.0,"","","","","","","","",""
"Apache","Mining, Crude-Oil Production","Houston",7,5,"","https://www.apachecorp.com",5.87,3,10,8,4,6,7,9,6,9
"Goldman Sachs Group","Megabanks","New York City",3,2,27,"https://www.goldmansachs.com",6.68,1,2,2,6,3,3,4,3,3
"Bosch Group","Motor Vehicle Parts","Stuttgart, Germany",2,1,"","https://www.bosch.com",7.61,1,1,3,3,1,2,2,1,2
"Walgreens Boots Alliance","Food and Drug Stores","Deerfield, Ill.",1,2,"","https://www.walgreensbootsalliance.com",6.84,1,1,1,2,3,2,2,4,1
"Taylor Morrison Home","Homebuilders","Scottsdale, Ariz.",3,8,"","https://www.taylormorrison.com",5.69,3,2,3,3,3,5,5,2,6
"DaVita","Health Care: Medical Facilities","Denver",4,2,"","https://www.davita.com",6.16,2,3,6,6,4,3,4,5,5
"EOG Resources","Mining, Crude-Oil Production","Houston",3,3,"","https://www.eogresources.com",6.47,1,1,3,8,1,5,3,2,12
"Continental","Motor Vehicle Parts","Hanover, Germany",5,4,"","https://www.continental-corporation.com",7.02,6,5,2,5,5,3,4,6,3
"Siemens","Industrial Machinery","Munich",1,1,"","https://www.siemens.com",7.41,1,1,1,1,1,1,1,1,1
"Toll Brothers","Homebuilders","Horsham, Pa.",1,1,"","https://www.tollbrothers.com",6.27,2,1,1,2,1,2,2,1,1
"Allstate","Insurance: Property and Casualty","Northbrook, Ill.",6,4,"","https://www.allstate.com",6.53,4,7,5,2,6,6,5,4,12
"Mondelez International","Consumer Food Products","Deerfield, Ill.",4,5,"","https://www.mondelezinternational.com",6.58,4,3,4,6,3,3,3,5,3
"Canon","Computers","Tokyo",4,4,"","https://global.canon",6.22,4,5,4,4,4,2,4,2,4
"Fujitsu","Information Technology Services","Tokyo",7,9,"","https://www.fujitsu.com",5.54,6,8,7,9,8,7,9,10,5
"Telefónica","Telecommunications","Madrid",3,2,"","https://www.telefonica.com",6.5,"","","","","","","","",""
"Raytheon","Aerospace and Defense","Waltham, Mass.",2,5,"","https://www.raytheon.com",7.77,1,2,1,3,2,2,3,1,2
"L’Oréal","Soaps and Cosmetics","Clichy, France",4,2,"","https://www.loreal.com",7.26,2,3,9,4,2,3,3,6,6
"T. Rowe Price","Securities and Asset Management","Baltimore",3,3,"","https://www.troweprice.com",6.91,3,3,3,3,3,4,3,3,2
"Bank of America","Megabanks","Charlotte, N.C.",2,4,"","https://www.bankofamerica.com",6.83,3,4,3,1,2,2,2,1,5
"Waste Management","Diversified Outsourcing Services","Houston",5,"","","https://www.wm.com",6.13,4,4,4,3,3,3,1,4,8
"Netflix","Entertainment","Los Gatos, Calif.",2,2,11,"https://www.netflix.com",7.64,1,2,2,4,2,6,3,1,2
"Apple","Computers","Cupertino, Calif.",1,1,1,"https://www.apple.com",8.4,1,1,1,1,1,1,1,1,1
"Graybar Electric","Wholesalers: Diversified","St. Louis",2,2,"","https://www.graybar.com",6.71,4,2,2,1,2,2,3,2,3
"Walmart","General Merchandisers","Bentonville, Ark.",3,2,26,"https://www.stock.walmart.com",7.64,3,4,2,3,4,1,3,6,1
"Ciena","Network and Other Communications Equipment","Hanover, Md.",4,4,"","https://www.ciena.com",5.88,"","","","","","","","",""
"PayPal Holdings","Consumer Credit Card and Related Services","San Jose, Calif.",3,3,"","https://www.paypal.com",7.13,1,2,3,4,3,3,3,2,3
"FedEx","Delivery","Memphis",2,3,9,"https://www.fedex.com",6.47,2,2,2,2,2,2,2,2,2
"Deere","Construction and Farm Machinery","Moline, Ill.",1,1,"","https://www.deere.com",7.37,"","","","","","","","",""
"Qualcomm","Semiconductors","San Diego",5,8,"","https://www.qualcomm.com",6.46,5,7,7,2,10,6,8,3,7
"Intuit","Computer Software","Mountain View, Calif.",6,6,"","https://www.intuit.com",6.79,5,5,6,6,4,6,6,4,10
"Rio Tinto","Mining, Crude-Oil Production","London",5,12,"","https://www.riotinto.com",6.16,4,6,6,5,8,4,5,8,4
"General Motors","Motor Vehicles","Detroit",4,5,"","https://www.gm.com",6.44,5,4,4,6,3,4,4,5,6
"Walt Disney","Entertainment","Burbank, Calif.",1,1,6,"https://www.thewaltdisneycompany.com",8.39,2,1,1,1,1,1,1,2,1
"Schneider Electric","Electronics","",5,5,"","https://www.schneider-electric.com",6.14,6,3,9,5,5,4,4,6,5
"Salesforce","Computer Software","San Francisco",3,2,15,"https://www.salesforce.com",7.79,3,1,3,1,3,3,3,3,4
"WestRock","Packaging, Containers","Atlanta",2,2,"","https://www.westrock.com",6.93,"","","","","","","","",""
"Citigroup","Megabanks","New York City",5,8,"","https://www.citigroup.com",6.08,5,5,5,4,5,5,5,5,1
"Alphabet","Internet Services and Retailing","Mountain View, Calif.",2,1,3,"https://www.abc.xyz",8.17,"","","","","","","","",""
"Samsung Electronics","Electronics","Suwon, South Korea",2,2,"","https://www.samsung.com",7.15,1,1,2,2,2,2,2,1,1
"Best Buy","Specialty Retailers","Richfield, Minn.",8,6,"","https://www.bestbuy.com",5.41,2,6,6,9,6,11,10,2,11
"CACI International","Information Technology Services","Arlington, Va.",6,5,"","https://www.caci.com",5.56,7,6,8,7,6,6,5,7,10
"New York Life Insurance","Insurance: Life and Health","New York City",2,6,"","https://www.newyorklife.com",6.36,8,2,4,2,1,2,3,1,9
"Yum Brands","Food Services","Louisville, Ky.",4,3,"","https://www.yum.com",6.26,4,4,4,3,4,3,4,6,4
"AutoNation","Specialty Retailers","Fort Lauderdale, Fla.",6,7,"","https://www.autonation.com",5.54,6,8,7,6,5,4,6,3,7
"Jones Lang LaSalle (JLL)","Real Estate","Chicago",4,4,"","https://www.jll.com",6.24,5,4,6,5,4,7,7,3,2
"Daimler","Motor Vehicles","Stuttgart, Germany",3,3,"","https://www.daimler.com",6.84,4,3,3,5,4,3,3,3,3
"Publix Super Markets","Food and Drug Stores","Lakeland, Fla.",2,1,"","https://www.publix.com",6.53,3,2,2,3,1,1,1,1,9
"Swiss Re","Insurance: Property and Casualty","Zurich",5,6,"","https://www.swissre.com",6.56,7,6,8,5,8,7,7,7,1
"Qantas Airways","Airlines","Mascot, Australia",7,6,"","https://www.qantas.com",4.98,9,10,9,10,5,8,5,11,8
"Universal Health Services","Health Care: Medical Facilities","King of Prussia, Pa.",2,4,"","https://www.uhsinc.com",6.86,5,2,1,1,3,1,2,1,2
"Penske Automotive Group","Specialty Retailers","Bloomfield Hills, Mich.",4,5,"","https://www.penskeautomotive.com",5.62,8,5,3,8,7,5,5,7,2
"Discovery","Entertainment","Silver Spring, Md.",5,6,"","https://corporate.discovery.com",6.77,6,5,6,2,4,7,7,7,3
"Texas Instruments","Semiconductors","Dallas",5,3,"","https://www.ti.com",6.46,11,5,4,5,6,4,6,7,5
"Kimberly-Clark","Soaps and Cosmetics","Irving, Texas",6,5,"","https://www.kimberly-clark.com",7.05,5,6,5,3,8,6,4,7,7
"Hyundai Motor","Motor Vehicles","Seoul",7,10,"","https://worldwide.hyundai.com",5.4,11,9,7,9,9,6,7,11,8
"L Brands","Specialty Retailers","Columbus, Ohio",7,4,"","https://www.lb.com",5.42,7,7,8,5,10,7,9,7,3
"Raymond James Financial","Securities and Asset Management","St. Petersburg, Fla.",5,4,"","https://www.raymondjames.com",6.04,6,7,5,10,6,5,5,6,7
"Magna International","Motor Vehicle Parts","Aurora, Ontario",8,8,"","https://www.magna.com",6.41,10,7,8,9,9,7,8,13,8
"Taiwan Semiconductor","Semiconductors","Hsinchu, Taiwan",2,2,"","https://www.tsmc.com",7.13,2,2,2,6,2,3,1,2,1
"Maersk Group","Trucking, Transportation, Logistics","Copenhagen",5,2,"","https://www.maersk.com",5.9,4,6,7,7,6,7,7,6,1
"Amgen","Pharmaceuticals","Thousand Oaks, Calif.",5,6,"","https://www.amgen.com",6.92,4,4,5,7,3,5,5,3,11
"Illinois Tool Works","Industrial Machinery","Glenview, Ill.",4,5,"","https://www.itw.com",6.22,4,7,4,8,4,4,3,7,6
"Occidental Petroleum","Mining, Crude-Oil Production","Houston",2,1,"","https://www.oxy.com",6.57,6,2,2,2,3,3,2,1,1
"Intel","Semiconductors","Santa Clara, Calif.",8,3,"","https://www.intel.com",6.31,8,3,12,3,14,1,9,9,3
"Northwestern Mutual","Insurance: Life and Health","Milwaukee",4,7,"","https://www.northwesternmutual.com",6.29,4,3,1,3,5,1,2,2,12
"Seven & I Holdings","Food and Drug Stores","Tokyo",6,8,"",0.7,5.16,6,7,8,8,6,7,6,7,3
"Booking Holdings","Internet Services and Retailing","Norwalk, Conn.",3,6,"","https://www.bookingholdings.com",7.98,"","","","","","","","",""
"Deutsche Post DHL Group","Delivery","Bonn, Germany",3,2,"","https://www.deutschepost.de",5.87,3,3,3,3,3,3,3,3,3
"Nucor","Metals","Charlotte, N.C.",2,1,"","https://www.nucor.com",7.17,"","","","","","","","",""
"Workday","Computer Software","Pleasanton, Calif.",5,"","","https://www.workday.com",6.91,4,4,5,4,5,5,4,7,9
"Nike","Apparel","Beaverton, Ore.",1,1,16,"https://www.nike.com",7.67,1,1,1,3,5,1,1,1,1
"Prudential Plc (U.K.)","Insurance: Life and Health","London",6,9,"","https://www.prudential.co.uk",6.14,3,5,5,7,8,8,6,8,1
"Tencent Holdings","Internet Services and Retailing","Shenzhen, China",6,7,"","https://www.tencent.com",6.88,"","","","","","","","",""
"Stanley Black & Decker","Home Equipment, Furnishings","New Britain, Conn.",5,2,"","https://www.stanleyblackanddecker.com",6.47,4,4,6,6,2,6,6,5,4
"BlackRock","Securities and Asset Management","New York City",1,1,23,"https://www.blackrock.com",7.97,2,1,1,1,1,1,1,1,1
"Booz Allen Hamilton Holding","Information Technology Services","McLean, Va.",4,3,"","https://www.boozallen.com",6.34,3,2,2,3,4,3,2,3,6
"Lam Research","Semiconductors","Fremont, Calif.",7,6,"","https://www.lamresearch.com",6.41,7,6,6,10,8,5,3,10,8
"Gartner","Information Technology Services","Stamford, Conn.",3,4,"","https://www.gartner.com",6.37,4,4,3,4,2,5,2,4,3
"Visa","Consumer Credit Card and Related Services","San Francisco",1,1,46,"https://usa.visa.com",7.7,2,1,1,2,1,1,1,1,1
"Las Vegas Sands","Hotels, Casinos, and Resorts","Las Vegas",6,6,"","https://www.sands.com",6.16,6,7,6,7,5,4,6,6,3
"Fresenius","Health Care: Medical Facilities","Bad Homburg, Germany",3,3,"","https://www.fresenius.com",6.26,4,4,4,7,2,4,3,4,1
"3M","Chemicals","St. Paul, Minn.",1,2,21,0.3,7.43,1,1,1,1,1,1,1,1,1
"Johnson & Johnson","Pharmaceuticals","New Brunswick, N.J.",1,1,17,"https://www.jnj.com",8.08,1,1,1,1,1,1,1,1,1
"Cardinal Health","Wholesalers: Health Care","Dublin, Ohio",4,3,"","https://www.cardinalhealth.com",5.71,4,4,4,3,4,4,4,3,4
"Nordstrom","General Merchandisers","Seattle",2,1,28,"https://www.nordstrom.com",7.71,2,2,3,2,2,4,4,1,3
"Lennar","Homebuilders","Miami",2,4,"","https://www.lennar.com",5.91,1,3,4,6,2,4,3,4,1
"Union Pacific","Trucking, Transportation, Logistics","Omaha",3,1,"","https://www.up.com",6.03,6,2,5,3,1,2,2,5,7
"Nestlé","Consumer Food Products","Vevey, Switzerland",1,1,47,"https://www.nestle.com",7.63,1,2,2,1,2,1,2,1,1
"Wynn Resorts","Hotels, Casinos, and Resorts","Las Vegas",4,3,"","https://www.wynnresorts.com",6.28,3,4,4,6,8,5,4,1,5
"Lear","Motor Vehicle Parts","Southfield, Mich.",3,3,"","https://www.lear.com",7.13,5,3,4,4,4,4,3,4,4
"Thermo Fisher Scientific","Medical Products and Equipment","Waltham, Mass.",4,4,"","https://www.thermofisher.com",6.06,5,6,5,6,5,4,6,4,3
"Morgan Stanley","Megabanks","New York City",4,3,"","https://www.morganstanley.com",6.55,4,3,4,3,4,4,3,4,4
"Michelin","Motor Vehicle Parts","Clermont-Ferrand, France",4,5,"","https://www.michelin.com",7.12,3,4,5,2,3,5,5,3,5
"Danone","Consumer Food Products","Paris",3,3,"","https://www.danone.com",6.66,3,4,5,2,4,4,4,3,4
"AmerisourceBergen","Wholesalers: Health Care","Chesterbrook, Pa.",3,4,"","https://www.amerisourcebergen.com",6.1,3,3,3,4,3,3,3,4,2
"Simon Property Group","Real Estate","Indianapolis",3,3,"","https://www.simon.com",6.46,4,2,3,2,1,3,4,4,4
"Hewlett Packard Enterprise","Computers","Palo Alto, Calif.",7,10,"","https://www.hpe.com",5.51,11,9,6,7,9,6,7,9,5
"UPS","Delivery","Atlanta",1,1,33,"https://www.ups.com",6.82,1,1,1,1,1,1,1,1,1
"McKesson","Wholesalers: Health Care","San Francisco",2,1,"","https://www.mckesson.com",6.78,2,2,2,2,2,1,2,2,3
"Southwest Airlines","Airlines","Dallas",2,3,8,"https://www.southwest.com",5.76,2,2,2,3,2,2,2,8,12
"Juniper Networks","Network and Other Communications Equipment","Sunnyvale, Calif.",2,2,"","https://www.juniper.net",7.1,"","","","","","","","",""
"AT&T","Telecommunications","Dallas",1,1,"","https://www.att.com",7.27,"","","","","","","","",""
"MGM Resorts International","Hotels, Casinos, and Resorts","Las Vegas",5,4,"","https://www.mgmresorts.com",6.17,4,5,7,3,6,6,5,5,6
"Wilmar International","Food Production","Singapore",3,2,"","https://www.wilmar-international.com",6.12,3,3,3,4,2,3,2,2,1
"Target","General Merchandisers","Minneapolis",1,4,38,"https://www.target.com",7.92,1,1,1,1,1,2,2,3,4
"Sony","Electronics","Tokyo",7,6,"","https://www.sony.net",5.98,8,6,11,4,12,6,9,8,3
"General Mills","Consumer Food Products","Minneapolis",5,4,"","https://www.generalmills.com",6.17,6,5,3,4,6,6,6,4,6
"Caterpillar","Construction and Farm Machinery","Deerfield, Ill.",2,2,43,"https://www.caterpillar.com",7.34,"","","","","","","","",""
"Boise Cascade","Wholesalers: Diversified","Boise, Idaho",5,"","","https://www.bc.com",5.93,7,4,9,4,6,5,7,5,6
"McDonald’s","Food Services","Chicago",3,2,37,"https://www.aboutmcdonalds.com",6.81,3,3,3,5,3,2,3,8,1
"Tenet Healthcare","Health Care: Medical Facilities","Dallas",5,8,"","https://www.tenethealth.com",6.12,7,5,3,2,5,7,5,3,4
"VF","Apparel","Greensboro, N.C.",2,2,"","https://www.vfc.com",7.18,4,2,2,1,2,2,2,5,6
"USAA","Insurance: Property and Casualty","San Antonio",3,3,20,"https://www.usaa.com",6.9,2,2,2,1,3,2,6,1,11
"ABB","Industrial Machinery","Zurich",5,3,"","https://new.abb.com",6.21,5,6,5,4,8,6,8,4,3
"Abbott Laboratories","Medical Products and Equipment","Abbott Park, Ill.",1,1,"","https://www.abbott.com",6.86,1,1,1,1,1,1,1,1,1
"Stryker","Medical Products and Equipment","Kalamazoo, Mich.",3,5,"","https://www.stryker.com",6.16,3,3,2,5,4,2,2,2,9
"Packaging Corp. of America","Packaging, Containers","Lake Forest, Ill.",5,5,"","https://www.packagingcorp.com",5.71,"","","","","","","","",""
"Autodesk","Computer Software","San Rafael, Calif.",7,8,"","https://www.autodesk.com",6.61,6,8,7,8,7,7,7,5,7
"Honda Motor","Motor Vehicles","Tokyo",5,6,"","https://www.honda.co.jp",6.01,6,5,5,7,5,7,5,4,4
"Dell Technologies","Computers","Round Rock, Texas",2,2,"","https://www.delltechnologies.com",6.57,5,2,2,2,2,3,2,4,2
"Northrop Grumman","Aerospace and Defense","Falls Church, Va.",3,3,"","https://www.northropgrumman.com",7.45,3,3,2,1,3,3,2,3,8
"Costco Wholesale","General Merchandisers","Issaquah, Wash.",4,3,13,"https://www.costco.com",7.54,4,3,3,6,3,3,1,2,2
"Ryder System","Trucking, Transportation, Logistics","Miami",4,5,"","https://www.ryder.com",5.97,3,4,4,1,4,6,5,4,6
"Archer Daniels Midland","Food Production","Chicago",2,4,"","https://www.adm.com",6.15,4,2,2,1,3,2,3,3,3
"Toyota Industries","Motor Vehicle Parts","Kariya, Japan",1,2,"","https://www.toyota-industries.com",7.76,2,2,1,1,2,1,1,2,1
"Reliance Steel & Aluminum","Metals","Los Angeles",3,4,"","https://www.rsac.com",6.78,"","","","","","","","",""
"Ingersoll-Rand","Industrial Machinery","Dublin",3,4,"","https://www.company.ingersollrand.com",6.54,3,3,3,2,2,3,2,3,4
"Honeywell International","Electronics","Morris Plains, N.J.",1,1,"","https://www.honeywell.com",7.17,2,2,1,1,1,1,1,2,2
"Activision Blizzard","Entertainment","Santa Monica, Calif.",3,4,"","https://www.activisionblizzard.com",7.09,3,4,7,10,3,2,2,3,4
"Alcoa","Metals","Pittsburgh",6,3,"","https://www.alcoa.com",5.65,"","","","","","","","",""
"Qingdao Haier","Home Equipment, Furnishings","Qingdao, China",6,"","","https://www.haier.com/cn",6.22,9,8,7,12,8,2,5,6,2
"Northern Trust","Superregional Banks","Chicago",3,3,"","https://www.northerntrust.com",6.96,4,3,3,3,3,3,3,3,4
"ZF Friedrichshafen","Motor Vehicle Parts","Friedrichshafen, Germany",7,9,"","https://www.zf.com",6.52,7,8,9,11,7,9,7,9,7
"American Express","Consumer Credit Card and Related Services","New York City",4,4,14,"https://www.americanexpress.com",6.51,5,4,4,3,4,4,6,4,4
"IBM","Information Technology Services","Armonk, N.Y.",2,2,35,"https://www.ibm.com",6.65,2,2,4,1,3,2,7,2,2
"Cognizant Technology Solutions","Information Technology Services","Teaneck, N.J.",5,7,"","https://www.cognizant.com",5.93,7,5,5,8,5,4,4,5,4
"Franklin Resources","Securities and Asset Management","San Mateo, Calif.",6,9,"","https://www.franklinresources.com",5.94,9,6,10,9,8,6,7,5,4
"Airbus Group","Aerospace and Defense","Leiden, Netherlands",7,7,"","https://www.airbus.com",6.39,7,7,8,9,10,7,8,6,4
"XPO Logistics","Trucking, Transportation, Logistics","Greenwich, Conn.",1,4,"","https://www.xpo.com",6.64,1,1,1,2,3,3,1,1,2
"Science Applications International","Information Technology Services","Reston, Va.",8,8,"","https://www.saic.com",5.42,5,7,9,5,7,9,6,9,13
"Home Depot","Specialty Retailers","Atlanta",1,1,22,"https://www.homedepot.com",6.28,1,1,2,1,2,2,1,1,5
"Pfizer","Pharmaceuticals","New York City",7,10,"","https://www.pfizer.com",6.65,11,7,8,10,10,6,6,8,4
"Air France-KLM Group","Airlines","Paris",4,5,"","https://www.airfranceklm.com",5.32,3,6,5,2,7,9,7,4,3
"Quest Diagnostics","Health Care: Pharmacy and Other Services","Secaucus, N.J.",3,3,"","https://www.questdiagnostics.com",6.59,4,3,3,3,2,2,1,3,6
"TJX","Specialty Retailers","Framingham, Mass.",2,2,"","https://www.tjx.com",6.18,4,2,1,3,1,1,2,5,1
"Verizon Communications","Telecommunications","New York City",2,2,"","https://www.verizon.com",7.15,"","","","","","","","",""
"Broadridge Financial Solutions","Financial Data Services","Lake Success, N.Y.",1,4,"","https://www.broadridge.com",6.71,1,1,1,4,1,3,2,1,8
"Facebook","Internet Services and Retailing","Menlo Park, Calif.",5,2,12,"https://www.facebook.com",7.23,"","","","","","","","",""
"Ingredion","Food Production","Westchester, Ill.",4,3,"","https://www.ingredion.com",5.8,2,4,4,3,4,4,4,4,5
"Liberty Media","Entertainment","Englewood, Colo.",7,5,"","https://www.libertymedia.com",6.22,8,9,5,6,7,5,6,10,10
"Steel Dynamics","Metals","Fort Wayne, Ind.",1,2,"","https://www.steeldynamics.com",7.41,"","","","","","","","",""
"UnitedHealth Group","Health Care: Insurance and Managed Care","Minnetonka, Minn.",1,1,"","https://www.unitedhealthgroup.com",8.03,1,1,1,1,1,1,1,1,1
"W.W. Grainger","Wholesalers: Diversified","Lake Forest, Ill.",1,1,"","https://www.grainger.com",7.48,1,1,1,1,1,1,1,1,1
"Wayfair","Internet Services and Retailing","Boston",4,5,"","https://www.wayfair.com",7.39,"","","","","","","","",""
"Sprouts Farmers Market","Food and Drug Stores","Phoenix",3,4,"","https://www.sprouts.com",6.42,4,2,3,1,4,3,3,2,7
"Cerner","Health Care: Pharmacy and Other Services","North Kansas City, Mo.",4,4,"","https://www.cerner.com",6.5,3,2,4,6,3,3,4,4,2
"Roche Group","Pharmaceuticals","Basel, Switzerland",3,4,"","https://www.roche.com",7.09,3,3,4,8,6,3,3,4,5
"Cummins","Industrial Machinery","Columbus, Ind.",6,6,"","https://www.cummins.com",6.04,8,8,7,6,7,5,5,5,4
"Jacobs Engineering Group","Engineering, Construction","Dallas",1,5,"","https://www.jacobs.com",6.68,3,2,2,2,1,1,2,1,2
"Becton Dickinson","Medical Products and Equipment","Franklin Lakes, N.J.",5,8,"","https://www.bd.com",6.0,7,5,6,3,6,6,4,5,5
"Merck","Pharmaceuticals","Kenilworth, N.J.",2,2,"","https://www.merck.com",7.46,2,2,2,2,2,2,2,2,3
"Eaton","Electronics","Dublin",3,3,"","https://www.eaton.com",6.3,7,4,3,3,3,3,5,3,12
"Whirlpool","Home Equipment, Furnishings","Benton Harbor, Mich.",3,1,"","https://www.whirlpoolcorp.com",6.92,2,1,4,2,5,2,2,2,1
"CBRE Group","Real Estate","Los Angeles",1,2,"","https://www.cbre.com",6.65,2,1,2,3,2,2,2,2,1
"Anheuser-Busch InBev","Beverages","Leuven, Belgium",3,3,"","https://www.ab-inbev.com",6.83,7,3,1,4,3,4,3,3,2
"Jones Financial (Edward Jones)","Securities and Asset Management","Des Peres, Mo.",4,6,"","https://www.edwardjones.com",6.13,12,4,4,4,4,3,4,4,12
"PPG Industries","Chemicals","Pittsburgh",3,4,"","https://www.ppg.com",6.43,2,3,5,3,4,3,3,3,3
"Travelers Cos.","Insurance: Property and Casualty","New York City",4,2,"","https://www.travelers.com",6.71,5,3,4,4,5,5,4,6,7
"Robert Half International","Diversified Outsourcing Services","Menlo Park, Calif.",1,1,"","https://www.roberthalf.com",6.24,5,1,1,6,2,1,2,1,5
"U.S. Bancorp","Superregional Banks","Minneapolis",1,1,"","https://www.usbank.com",7.61,1,1,1,1,1,1,1,1,3
"PepsiCo","Consumer Food Products","Purchase, N.Y.",2,2,41,"https://www.pepsico.com",7.61,2,1,1,3,1,2,1,2,2
"CVS Health","Health Care: Pharmacy and Other Services","Woonsocket, R.I.",1,2,39,"https://www.cvshealth.com",7.2,1,1,1,1,1,1,2,1,3
"BB&T Corp.","Superregional Banks","Winston-Salem, N.C.",6,4,"","https://www.bbt.com",6.64,6,5,4,4,4,4,4,4,8
"Starbucks","Food Services","Seattle",1,1,5,"https://www.starbucks.com",7.87,1,1,1,1,2,1,1,1,2
"Colgate-Palmolive","Soaps and Cosmetics","New York City",5,3,"","https://www.colgate.com/en-us",7.16,7,7,2,6,4,5,2,5,4
"BHP Billiton","Mining, Crude-Oil Production","Melbourne",4,9,"","https://www.bhp.com",6.26,7,4,7,3,4,2,4,10,2
"Komatsu","Construction and Farm Machinery","Tokyo",4,3,"","https://www.komatsu.com",6.29,"","","","","","","","",""
"Compass Group","Diversified Outsourcing Services","Chertsey, U.K.",4,9,"","https://www.compass-group.com",6.14,3,2,2,8,1,2,7,3,4
"ConocoPhillips","Mining, Crude-Oil Production","Houston",1,2,"","https://www.conocophillips.com",6.59,5,3,1,1,2,1,1,3,5
"Unilever","Soaps and Cosmetics","London",2,1,44,"https://www.unilever.co.uk",7.37,3,2,7,1,3,4,5,3,1
"Leggett & Platt","Home Equipment, Furnishings","Carthage, Mo.",4,4,"","https://www.leggett.com",6.56,5,5,3,4,4,4,4,4,7
"Massachusetts Mutual Life","Insurance: Life and Health","Springfield, Mass.",5,2,"","https://www.massmutual.com",6.2,1,6,6,6,4,4,7,4,8
"Cigna","Health Care: Insurance and Managed Care","Bloomfield, Conn.",4,3,"","https://www.cigna.com",6.29,4,4,6,4,5,4,5,4,2
"Steelcase","Home Equipment, Furnishings","Grand Rapids, Mich.",1,3,"","https://www.steelcase.com",7.17,1,2,2,1,1,1,3,1,3
"Adidas","Apparel","Herzogenaurach, Germany",4,5,42,"https://www.adidas-group.com",7.04,2,5,5,6,6,4,5,3,2
"WESCO International","Wholesalers: Diversified","Pittsburgh",4,3,"","https://www.wesco.com",6.29,3,3,4,3,4,4,5,6,2
"Humana","Health Care: Insurance and Managed Care","Louisville, Ky.",3,2,"","https://www.humana.com",6.36,2,2,3,3,3,3,3,2,4
"State Farm Insurance","Insurance: Property and Casualty","Bloomington, Ill.",8,8,"","https://www.statefarm.com",6.18,10,8,7,3,7,4,8,5,13
"Quanta Services","Engineering, Construction","Houston",5,6,"","https://www.quantaservices.com",5.49,7,5,5,5,5,5,5,5,5
"HP","Computers","Palo Alto, Calif.",3,5,"","https://www.hp.com",6.43,2,3,3,3,3,4,3,3,3
"Sempra Energy","Electric and Gas Utilities","San Diego",7,3,"","https://www.sempra.com",5.85,5,7,9,8,8,9,8,5,3
"Exelon","Electric and Gas Utilities","Chicago",4,11,"","https://www.exeloncorp.com",6.19,4,6,5,4,4,6,6,4,5
"Nissan Motor","Motor Vehicles","Yokohama, Japan",6,8,"","https://www.nissan-global.com",5.61,9,7,6,8,6,5,8,9,7
"Sonoco Products","Packaging, Containers","Hartsville, S.C.",1,1,"","https://www.sonoco.com",7.21,"","","","","","","","",""
"Boston Scientific","Medical Products and Equipment","Marlborough, Mass.",2,3,"","https://www.bostonscientific.com",6.27,2,2,2,7,2,3,3,3,4
"Coca-Cola","Beverages","Atlanta",2,2,18,"https://www.coca-colacompany.com",6.94,4,2,3,1,1,1,8,4,1
"Tech Data","Wholesalers: Electronics and Office Equipment","Clearwater, Fla.",2,2,"","https://www.techdata.com",6.69,3,2,2,1,2,2,2,2,2
"Boeing","Aerospace and Defense","Chicago",1,1,25,"https://www.boeing.com",7.85,4,1,3,2,1,1,1,2,1
"Duke Energy","Electric and Gas Utilities","Charlotte, N.C.",5,5,"","https://www.duke-energy.com",5.95,6,4,7,11,6,3,4,7,8
"United Technologies","Aerospace and Defense","Farmington, Conn.",4,4,"","https://www.utc.com",7.28,2,4,4,4,5,5,5,7,3
"Marriott International","Hotels, Casinos, and Resorts","Bethesda, Md.",1,1,24,"https://www.marriott.com",7.56,1,1,1,1,1,1,1,2,1
"Laboratory Corp. of America","Health Care: Pharmacy and Other Services","Burlington, N.C.",5,5,"","https://www.labcorp.com",5.99,5,5,5,4,4,5,5,5,5
"Lockheed Martin","Aerospace and Defense","Bethesda, Md.",5,2,"","https://www.lockheedmartin.com",7.18,5,5,6,5,4,4,4,4,6
"Suntory Holdings","Beverages","Tokyo",4,5,"","https://www.suntory.com",6.58,3,3,5,3,5,7,2,2,5
"Xcel Energy","Electric and Gas Utilities","Minneapolis",2,4,"","https://www.xcelenergy.com",6.49,2,3,2,2,2,2,2,2,7
"Motorola Solutions","Network and Other Communications Equipment","Chicago",3,3,"","https://www.motorolasolutions.com",5.96,"","","","","","","","",""
"Fiserv","Financial Data Services","Brookfield, Wis.",3,3,"","https://www.fiserv.com",6.55,4,2,3,2,3,2,1,5,5
"TE Connectivity","Electronics","Schaffhausen, Switzerland",6,4,"","https://www.te.com",6.07,4,5,8,6,4,6,3,12,7
"ScanSource","Wholesalers: Electronics and Office Equipment","Greenville, S.C.",3,4,"","https://www.scansource.com",6.38,2,3,3,3,3,4,3,3,4
"Chubb","Insurance: Property and Casualty","Zurich",2,5,"","https://www.chubb.com",6.92,5,4,3,9,2,3,2,3,2
"General Dynamics","Aerospace and Defense","Falls Church, Va.",6,6,"","https://www.generaldynamics.com",6.63,6,6,5,6,6,6,6,5,11
"AECOM","Engineering, Construction","Los Angeles",2,2,"","https://www.aecom.com",6.6,1,1,3,1,3,3,3,2,1
"Capital One Financial","Consumer Credit Card and Related Services","McLean, Va.",5,5,"","https://www.capitalone.com",6.14,4,5,6,6,4,5,4,5,8
"Denso","Motor Vehicle Parts","Kariya, Japan",6,7,"","https://www.denso.com/global/en/",6.77,4,6,6,5,6,6,6,5,6
"Oshkosh","Construction and Farm Machinery","Oshkosh, Wis.",5,4,"","https://www.oshkoshcorporation.com",6.2,"","","","","","","","",""
"Live Nation Entertainment","Entertainment","Beverly Hills, Calif.",6,7,"","https://www.livenationentertainment.com",6.65,5,6,4,7,6,4,5,4,7
"Aflac","Insurance: Life and Health","Columbus, Ga.",7,3,"","https://www.aflac.com",5.99,7,9,7,9,6,7,5,7,6
"Delta Air Lines","Airlines","Atlanta",1,1,31,"https://www.delta.com",7.31,1,1,1,1,1,1,1,1,1
"Dominion Energy","Electric and Gas Utilities","Richmond, Va.",3,2,"","https://www.dominionenergy.com",6.42,3,2,3,3,3,4,3,3,4
"ArcelorMittal","Metals","Luxembourg",4,5,"","https://www.arcelormittal.com",6.53,"","","","","","","","",""
"Kroger","Food and Drug Stores","Cincinnati",4,3,"","https://www.thekrogerco.com",6.13,2,4,4,4,2,4,4,3,6
"Kohl’s","General Merchandisers","Menomonee Falls, Wis.",5,5,"","https://www.Kohls.com",7.01,5,5,5,5,5,5,5,5,6
"Volvo","Construction and Farm Machinery","Gothenburg, Sweden",3,6,"","https://www.volvogroup.com",6.39,"","","","","","","","",""
"Prudential Financial","Insurance: Life and Health","Newark, N.J.",1,1,"","https://www.prudential.com",6.47,2,1,2,4,3,4,1,5,2
"Bristol-Myers Squibb","Pharmaceuticals","New York City",6,5,"","https://www.bms.com",6.84,6,6,6,5,5,8,7,4,8
"HSBC Holdings","Megabanks","London",7,7,"","https://www.hsbc.com",5.43,8,6,7,7,8,8,6,8,6
"La Poste","Delivery","Paris",4,6,"","https://www.groupelaposte.com",4.33,4,4,4,4,4,5,5,4,4
"IQVIA Holdings","Health Care: Pharmacy and Other Services","Durham, N.C.",2,1,"","https://www.iqvia.com",6.68,2,4,2,2,5,4,3,2,1
"Keurig Dr Pepper","Beverages","Burlington, Mass.",6,7,"","https://www.keurigdrpepper.com",6.23,5,6,4,7,4,13,6,8,10
"Asustek Computer","Computers","Taipei",5,7,"","https://www.asus.com",5.9,3,4,5,6,6,5,5,6,7
"Bank of New York Mellon","Superregional Banks","New York City",4,6,"","https://www.bnymellon.com",6.67,5,6,7,8,6,5,7,5,1
"Nvidia","Semiconductors","Santa Clara, Calif.",1,1,"","https://www.nvidia.com",7.49,1,1,1,1,1,2,2,1,2
"NextEra Energy","Electric and Gas Utilities","Juno Beach, Fla.",1,1,"","https://www.nexteraenergy.com",7.35,1,1,1,1,1,1,1,1,2
"Royal Bank of Canada","Megabanks","Toronto",6,5,"","https://www.rbc.com",5.61,6,7,6,5,6,6,7,6,8
"Procter & Gamble","Soaps and Cosmetics","Cincinnati",2,6,34,"https://www.pginvestor.com",7.37,4,1,4,2,5,1,7,1,1
"Hilton Worldwide Holdings","Hotels, Casinos, and Resorts","McLean, Va.",2,2,"","https://www.hiltonworldwide.com",7.38,2,2,2,2,2,2,2,3,2
"Fortune Brands Home & Security","Home Equipment, Furnishings","Deerfield, Ill.",2,7,"","https://www.fbhs.com",6.94,3,3,1,3,2,4,1,3,5
"Tyson Foods","Food Production","Springdale, Ark.",1,1,"","https://www.tysonfoods.com",6.82,1,1,1,2,1,1,1,1,2
"C.H. Robinson Worldwide","Trucking, Transportation, Logistics","Eden Prairie, Minn.",2,3,"","https://www.chrobinson.com",6.21,5,3,2,4,5,1,4,2,4
"Centene","Health Care: Insurance and Managed Care","St. Louis",2,6,"","https://www.centene.com",6.43,3,3,2,2,2,5,2,3,3
"Deutsche Telekom","Telecommunications","Bonn, Germany",4,7,"","https://www.telekom.com",6.14,"","","","","","","","",""
"International Paper","Packaging, Containers","Memphis",3,3,"","https://www.internationalpaper.com",6.58,"","","","","","","","",""
"Charles Schwab","Securities and Asset Management","San Francisco",2,2,50,"https://www.aboutschwab.com",7.53,1,2,2,2,2,2,2,2,3
"Novartis","Pharmaceuticals","Basel, Switzerland",4,3,"","https://www.novartis.com",7.08,5,4,3,4,4,4,4,7,2
"SAP","Computer Software","Walldorf, Germany",4,5,"","https://www.sap.com",6.94,8,6,4,5,6,4,5,8,2
"Cisco Systems","Network and Other Communications Equipment","San Jose, Calif.",1,1,"","https://www.cisco.com",7.85,"","","","","","","","",""
"Arrow Electronics","Wholesalers: Electronics and Office Equipment","Centennial, Colo.",1,1,"","https://www.arrow.com",7.08,1,1,1,2,1,1,1,1,1
"Amazon","Internet Services and Retailing","Seattle",1,2,2,"https://www.amazon.com",8.3,"","","","","","","","",""
"Lufthansa Group","Airlines","Cologne, Germany",5,4,"","https://www.lufthansagroup.com",5.17,7,5,5,7,4,6,9,7,4
"Ecolab","Chemicals","St. Paul, Minn.",2,3,"","https://www.ecolab.com",6.6,2,2,3,2,3,4,2,2,5
"Berkshire Hathaway","Insurance: Property and Casualty","Omaha",1,1,4,"https://www.berkshirehathaway.com",7.73,3,1,1,6,1,1,1,2,3
"Progressive","Insurance: Property and Casualty","Mayfield Village, Ohio",7,"","","https://www.progressive.com",6.33,1,5,6,11,4,8,3,8,15
"Accenture","Information Technology Services","Dublin",1,1,40,"https://www.accenture.com",7.45,1,1,1,2,1,1,1,1,1
"J.B. Hunt Transport Services","Trucking, Transportation, Logistics","Lowell, Ark.",6,6,"","https://www.jbhunt.com",5.89,2,5,6,5,2,4,3,3,8
"Automatic Data Processing","Financial Data Services","Roseland, N.J.",2,2,"","https://www.adp.com",6.58,9,6,2,3,2,1,3,2,3
"Royal Ahold Delhaize","Food and Drug Stores","Zaandam, Netherlands",5,9,"","https://www.aholddelhaize.com",5.67,5,5,5,5,5,5,5,5,2
"Heineken Holding","Beverages","Amsterdam",5,4,"","https://www.heinekeninternational.com",6.49,8,5,7,6,6,3,4,6,4
"Toyota Motor","Motor Vehicles","Toyota, Japan",1,1,29,"https://www.toyota.co.jp",7.99,2,1,1,1,1,1,1,1,1
"American Electric Power","Electric and Gas Utilities","Columbus, Ohio",6,6,"","https://www.aep.com",5.91,10,8,4,6,5,5,5,8,10
"Microsoft","Computer Software","Redmond, Wash.",1,1,7,"https://www.microsoft.com",8.17,1,2,1,2,1,1,1,2,1
"AbbVie","Pharmaceuticals","North Chicago, Ill.",8,8,"","https://www.abbvie.com",6.49,8,8,7,9,7,7,9,6,12
