"firmhash","firm","url","ranking","industry","sector","revenue_in_millions","profits_in_millions","market_value_in_millions","n_employees","reputation_score_2020","reputation_score_2019","reputation_score_growth","n_sentence","number_of_words","number_of_unique_words","ambiquity_score","gunning_fog_index","n_data_breaches","last_available_year","date_of_incorporation","stock_turnover","age_in_years","return_on_assets","number_of_reviews","rating_overall_employer","values_culture","diversity_inclusion","work_balance_life","management_senior","compensation_benefits","opportunities_career","female_male","number_of_shareholder_proposals","privacy_exists_policy","of_a_existence_report_transparency","option_contact","legislation_complied_with","third_party_sharing","protection_of_data_a_existence_officer","type_iso","privacy_url_policy"
15927840,"Mutual of Omaha Insurance","https://www.mutualofomaha.com",300,"Insurance: Life, Health (stock)","Financials",10455.7,271.5,"",6072,"","","",76.0,1795.0,580.0,0.0284122563,21.5922152177,1,"","","","","",691,4.0,4.1,4.2,4.1,4.0,3.9,3.9,"1","",1,0.0,1.0,"standard",1.0,1.0,0.0,"https://www.mutualofomaha.com/legal-services"
69573240,"ODP","https://www.officedepot.com",297,"Specialty Retailers: Other","Retailing",10647.0,99.0,867.7,40000,"","","",257.0,4303.0,1103.0,0.0346270044,20.2227236269,0,2020.0,"1986-01-01",10.44,35.4,0.029528,5700,3.1,2.9,3.7,3.2,2.7,2.8,2.8,"1","",1,0.0,1.0,"standard",1.0,1.0,0.0,"https://www.officedepot.com/cm/help/privacy-statement"
61421604,"Boston Scientific","https://www.bostonscientific.com",296,"Medical Products and Equipment","Health Care",10108.0,3704.0,52495.0,36000,"6.52","6.27",0.03987240829346093,81.0,2355.0,722.0,0.0237791932,24.945977825,1,2020.0,"1979-06-22",7.34,41.9,0.023006,2700,4.4,4.4,4.4,4.1,4.2,4.1,4.2,"1",1.0,1,0.0,1.0,"standard",1.0,1.0,0.0,"https://www.bostonscientific.com/en-US/privacy-policy.html"
41255816,"eBay","https://www.ebay.com",295,"Internet Services and Retailing","Technology",10800.0,1786.0,23930.2,13300,"","","",449.0,15309.0,1502.0,0.0293291528,26.2060779421,2,2020.0,"1998-03-13",35.04,23.2,0.090605,3900,4.0,4.1,4.0,4.1,3.5,4.1,3.9,"1",2.0,1,0.0,1.0,"gdpr ",1.0,1.0,0.0,"https://www.ebay.com/help/policies/member-behaviour-policies/user-privacy-notice-privacy-policy?id=4260"
11857351,"FirstEnergy","https://www.firstenergycorp.com",294,"Utilities: Gas and Electric","Energy",10850.0,912.0,21666.4,12316,"","","",30.0,1226.0,487.0,0.0244698206,32.4967482327,0,2020.0,"1996-09-17",34.04,24.6,0.029303,366,3.7,3.7,3.9,3.7,3.3,4.1,3.6,"1",1.0,1,0.0,0.0,"standard",0.0,1.0,0.0,"https://www.firstenergycorp.com/corporate/privacy_legal_statement.html"
58280832,"Entergy","https://www.entergy.com",293,"Utilities: Gas and Electric","Energy",10878.7,1241.2,18870.6,13635,"","","",85.0,2530.0,698.0,0.037944664,24.8228784004,0,2020.0,"1992-08-19",8.91,28.7,0.02122,283,4.1,4.0,4.3,4.0,3.6,4.1,3.8,"1",1.0,1,0.0,0.0,"standard",1.0,1.0,0.0,"https://www.entergy.com/privacy-policy/"
59476916,"Nvidia","https://www.nvidia.com",292,"Semiconductors","Technology",14777.0,3826.0,330936.0,13775,"6.97","7.49",-0.06942590120160219,91.0,1755.0,545.0,0.0296296296,19.5205535206,2,2020.0,"1998-02-24",9.13,23.2,0.127993,3200,4.8,4.7,4.5,4.3,4.6,4.6,4.6,"1","",1,0.0,1.0,"ccpa ",1.0,1.0,0.0,"https://www.nvidia.com/en-us/about-nvidia/privacy-policy/"
37791241,"IQVIA Holdings","https://www.iqvia.com",290,"Health Care: Pharmacy and Other Services","Health Care",10956.0,176.0,36532.0,67000,"6.67","6.68",-0.0014970059880239203,94.0,2987.0,795.0,0.031134918,27.695573015,0,2019.0,"2016-10-03",9.53,4.5,0.021175,6700,3.7,3.7,3.9,3.5,3.4,3.5,3.7,"1","",1,0.0,1.0,"standard",1.0,1.0,1.0,"https://www.iqvia.com/about-us/privacy/privacy-policy"
28049975,"Leidos Holdings","https://www.leidos.com",289,"Information Technology Services","Technology",11999.0,612.0,15605.0,37000,"5.89","","",203.0,4878.0,1235.0,0.0330053301,22.6335528774,0,2020.0,"2005-08-12",44.55,15.7,0.059134,2300,3.9,3.8,4.0,3.9,3.5,3.7,3.7,"1",1.0,1,0.0,1.0,"standard",1.0,1.0,1.0,"https://www.leidos.com/privacy"
94835721,"Discovery","https://www.corporate.discovery.com",287,"Entertainment","Media",11144.0,2069.0,9503.1,9200,"6.25","6.77",-0.0768094534711964,132.0,5840.0,1064.0,0.0318493151,31.2517642175,0,2020.0,"2008-04-28",5.75,13.0,0.05131,1500,3.9,3.6,4.0,3.7,3.3,4.1,3.3,"1",1.0,1,0.0,1.0,"standard",1.0,0.0,0.0,"https://corporate.discovery.com/privacy-policy/"
64641415,"J.C. Penney","https://www.jcpenney.com",286,"General Merchandisers","Retailing",11167.0,268.0,115.6,90000,"","","",170.0,5295.0,992.0,0.0296506138,25.0820529912,0,"","","","","",9400,3.4,3.4,3.9,3.4,3.0,3.1,3.0,"0","",1,0.0,1.0,"standard",1.0,0.0,0.0,"https://www.jcpenney.com/m/privacy-notice"
31897534,"Adobe","https://www.adobe.com",285,"Computer Software","Technology",12868.0,5260.0,224860.0,22516,"7.39","","",140.0,4561.0,922.0,0.0361762771,24.8709374511,2,2020.0,"1997-05-09",5.27,24.0,0.128628,5600,4.4,4.4,4.5,4.3,4.0,4.4,3.9,"1",1.0,1,1.0,1.0,"gdpr",1.0,1.0,1.0,"https://www.adobe.com/privacy/policy.html"
52654257,"Navistar International","https://www.navistar.com",284,"Construction and Farm Machinery","Industrials",11251.0,221.0,1640.6,12300,"","","",113.0,2073.0,732.0,0.020260492,20.4591336569,1,2020.0,"1993-05-26",9.83,28.0,-0.011417,1000,3.6,3.2,3.8,3.6,3.1,3.6,3.3,"1","",1,0.0,1.0,"standard",0.0,0.0,0.0,"https://www.navistar.com/navistar/privacypolicy"
59607113,"Norfolk Southern","https://www.norfolksouthern.com",283,"Railroads","Transportation",11296.0,2722.0,37537.3,24587,"","","",40.0,799.0,326.0,0.0337922403,19.2540801001,0,2020.0,"2009-08-24",44.29,11.7,0.05729,1200,2.4,1.9,2.6,1.8,1.8,3.6,2.5,"1",2.0,1,0.0,0.0,"standard",1.0,1.0,0.0,"http://www.norfolksouthern.com/content/nscorp/en/privacy.html"
29810937,"Baxter International","https://www.baxter.com",282,"Medical Products and Equipment","Health Care",11362.0,1001.0,41180.1,50000,"","","",31.0,504.0,252.0,0.003968254,20.8683051715,1,2020.0,"1931-10-19",6.09,89.7,0.061433,2500,3.7,3.5,4.0,3.5,3.1,3.8,3.2,"1",2.0,1,0.0,1.0,"standard",1.0,1.0,0.0,"https://www.baxter.com/policies-positions/global-privacy-policy"
13079849,"Universal Health Services","https://www.uhsinc.com",281,"Health Care: Medical Facilities","Health Care",11369.0,881.0,11193.0,79050,"6.40","6.86",-0.06705539358600582,109.0,2677.0,624.0,0.024654464,23.4361057325,1,2020.0,"1979-01-08",60.7,42.4,0.067575,664,3.4,3.1,3.6,2.9,2.9,3.4,3.6,"1","",1,0.0,0.0,"standard",0.0,1.0,0.0,"https://www.uhsinc.com/wp-content/uploads/2017/10/Privacy-26.0-Disclosure-Not-Requiring-Authorization-or-Opportunity-for-Patient-to-Agree-or-Object.pdf"
5107203,"Fox","https://www.foxcorporation.com",280,"Entertainment","Media",11389.0,1595.0,14142.9,7700,"","","",124.0,3237.0,729.0,0.0373802904,23.3798409519,1,2020.0,"2018-05-03",14.37,3.0,0.081676,31,3.7,3.9,4.1,3.8,3.7,4.0,3.6,"1","",1,0.0,1.0,"standard",1.0,1.0,0.0,"https://www.foxcorporation.com/privacy-policy/"
32106330,"Corning","https://www.corning.com",277,"Electronics, Electrical Equip.","Industrials",11503.0,960.0,15664.2,49500,"","","",63.0,1787.0,569.0,0.0324566312,24.6420586067,0,2020.0,"1936-12-24",4.64,84.5,0.028425,1300,3.7,3.5,3.8,3.2,3.3,3.9,3.6,"1","",1,0.0,1.0,"standard",1.0,0.0,0.0,"https://www.corning.com/worldwide/en/privacy-policy.html"
54537981,"Xcel Energy","https://www.xcelenergy.com",276,"Electric and Gas Utilities","Energy",11526.0,1473.0,34381.0,11295,"6.88","6.49",0.06009244992295835,20.0,639.0,309.0,0.0266040689,26.676713615,0,2020.0,"1909-06-17",21.54,112.1,0.025238,587,3.9,3.8,3.8,3.6,3.6,3.9,3.6,"1",1.0,1,0.0,0.0,"standard",1.0,1.0,1.0,"https://www.xcelenergy.com/billing_and_payment/customer_data_&_privacy/privacy_policy_and_customer_data_access"
49656933,"Live Nation Entertainment","https://www.livenationentertainment.com",275,"Entertainment","Media",4514.0,1442.0,16009.0,10500,"6.35","6.65",-0.04511278195488732,213.0,2849.0,627.0,0.0438750439,15.234404626,0,2020.0,"2005-08-02",84.6,15.7,-0.095844,1300,4.0,4.2,4.2,3.7,3.6,3.6,3.6,"1","",1,0.0,1.0,"standard",1.0,1.0,0.0,"https://help.livenation.com/s/article/Live-Nation-Entertainment-Privacy-Policy?language=en_US"
76452060,"Laboratory Corp. of America (Labcorp)","https://www.labcorp.com",274,"Health Care: Pharmacy and Other Services","Health Care",12443.0,845.0,22394.0,65000,"","","",63.0,1583.0,517.0,0.0265319015,24.1758726148,2,2020.0,"1994-03-08",33.03,27.2,0.10131,2500,3.4,3.0,3.7,3.1,2.8,3.3,3.2,"1",1.0,1,0.0,1.0,"standard",1.0,1.0,0.0,"https://www.labcorp.com/hipaa-privacy/website-privacy-policy"
46177440,"Ally Financial","https://www.ally.com",273,"Diversified Financials","Financials",11618.0,1715.0,5402.5,8700,"","","",95.0,1578.0,481.0,0.0266159696,18.8875565339,0,2020.0,"2008-12-24",21.86,12.3,0.005986,1200,4.0,4.2,4.3,4.0,3.5,4.0,3.6,"1","",1,0.0,1.0,"standard",1.0,1.0,0.0,"https://www.ally.com/privacy/"
80542798,"Charles Schwab","https://www.schwab.com",271,"Securities and Asset Management","Financials",12190.0,3299.0,109983.0,32000,"7.13","7.53",-0.05312084993359898,59.0,1079.0,433.0,0.0240963855,20.2531597053,2,2020.0,"1983-01-11",35.19,38.4,0.007826,3300,3.9,4.1,4.1,3.9,3.5,3.7,3.6,"1",2.0,1,0.0,1.0,"standard",1.0,1.0,1.0,"https://www.schwab.com/legal/privacy"
19742213,"Vistra Energy","https://www.vistraenergy.com",270,"Energy","Energy",11809.0,928.0,7795.3,5475,"","","",37.0,782.0,304.0,0.0447570332,21.3952305246,0,2020.0,"2016-03-10",22.22,5.1,0.040448564,49,3.6,3.2,3.8,2.8,3.1,3.5,3.1,"1","",1,0.0,1.0,"standard",1.0,1.0,0.0,"https://www.vistracorp.com/privacy-policy/"
36433727,"Pacific Life","https://www.pacificlife.com",269,"Insurance: Life, Health (stock)","Financials",11847.0,725.0,"",3815,"","","",57.0,1689.0,557.0,0.0307874482,25.7306659188,0,"","","","",-0.003519132,428,3.8,3.8,3.6,3.9,3.4,4.2,3.2,"1","",1,0.0,1.0,"standard",1.0,1.0,1.0,"https://www.pacificlife.com/home/privacy-and-other-policies/our-privacy-promise.html"
83890025,"AutoZone","https://www.autozone.com",268,"Specialty Retailers: Other","Retailing",11863.7,1617.2,19756.2,75840,"","","",1385.0,28495.0,3371.0,0.0231268644,20.808651844,0,2020.0,"1991-11-25",2.82,29.5,0.126532,3600,3.3,3.2,3.7,2.8,2.9,2.8,3.2,"1",2.0,1,0.0,1.0,"standard",1.0,1.0,0.0,"https://www.autozone.com/lp/termsAndConditions"
35646797,"CSX","https://www.csx.com",267,"Railroads","Transportation",11937.0,3331.0,44161.7,20908,"","","",48.0,997.0,411.0,0.0290872618,18.9803493815,0,2020.0,"1978-11-15",35.04,42.5,0.070659,946,2.5,1.9,2.5,1.9,1.9,3.6,2.4,"1",1.0,1,0.0,0.0,"standard ",1.0,1.0,0.0,"https://www.csx.com/index.cfm/about-the-site/privacy/"
20859101,"Unum Group","https://www.unum.com",266,"Insurance: Life, Health (stock)","Financials",11998.9,1100.3,3046.6,10300,"","","",105.0,2986.0,777.0,0.0311453449,25.025606481,0,2020.0,"1948-01-01",84.6,73.5,0.010463,1000,3.8,3.9,4.2,3.7,3.7,4.0,3.8,"1","",1,0.0,1.0,"standard",1.0,1.0,1.0,"https://www.unum.com/privacy/internet-privacy-notice"
60048308,"Bed Bath & Beyond","https://www.bedbathandbeyond.com",265,"Specialty Retailers: Other","Retailing",12028.8,137.2,534.5,62000,"","","",249.0,4804.0,880.0,0.0341382182,20.6231808165,4,2019.0,"1971-10-05",9.53,49.7,-0.005074,4400,3.1,3.1,3.5,3.0,2.8,2.7,2.6,"1","",1,0.0,1.0,"standard",1.0,1.0,1.0,"https://www.bedbathandbeyond.com/store/static/PrivacyPolicy"
35504039,"Group 1 Automotive","https://www.group1auto.com",264,"Automotive Retailing, Services","Retailing",12043.8,174.0,813.2,15296,"","","",51.0,1106.0,409.0,0.0316455696,20.2115803283,0,2020.0,"1995-12-20",7.39,25.4,0.061458,350,3.2,3.3,4.4,2.8,2.8,3.0,3.1,"1","",1,0.0,0.0,"standard",1.0,0.0,0.0,"https://www.group1auto.com/privacy.html"
28174171,"Expedia Group","https://www.expediagroup.com",263,"Internet Services and Retailing","Retailing",12067.0,565.0,7877.2,25400,"","","",60.0,1622.0,512.0,0.0357583231,22.5765885738,0,2020.0,"2005-04-18",14.84,16.0,-0.047592,4500,4.0,4.1,4.2,4.2,3.4,3.8,3.5,"1",2.0,1,0.0,1.0,"standard",1.0,1.0,0.0,"https://www.expediagroup.com/privacy-policy/"
3524436,"Murphy USA","https://www.murphyusa.com",262,"Specialty Retailers","Retailing",10083.0,373.0,3575.0,7250,"","","",473.0,13349.0,1861.0,0.0258446326,23.0349931431,3,2020.0,"2013-03-01",40.36,8.1,0.130143,53,3.8,3.5,3.7,3.2,3.5,3.3,3.6,"1","",1,0.0,1.0,"standard",1.0,1.0,0.0,"https://www.murphyusa.com/About-Us/Terms-of-Use-and-Privacy-Policy/"
53206828,"CenterPoint Energy","https://www.centerpointenergy.com",260,"Utilities: Gas and Electric","Energy",12301.0,791.0,7765.4,14262,"","","",124.0,3306.0,824.0,0.0396249244,23.0299123783,0,2020.0,"2001-08-31",14.84,19.7,0.022065,7,3.0,3.4,"",3.6,3.0,3.6,2.9,"1","",1,0.0,1.0,"standard",1.0,1.0,0.0,"https://www.centerpointenergy.com/en-us/corporate/legal/privacy-policy"
20520037,"Edison International","https://www.edisoninvestor.com",259,"Utilities: Gas and Electric","Energy",12347.0,1284.0,19867.6,12937,"","","",125.0,3133.0,863.0,0.0284072774,23.4823507182,1,2020.0,"1987-04-20",33.53,34.1,0.026933,31,3.3,2.6,1.0,3.4,2.8,3.6,2.9,"1",1.0,1,0.0,1.0,"standard",1.0,1.0,0.0,"https://www.edison.com/home/privacy-notice.html"
87621488,"Sempra Energy","https://www.sempra.com",258,"Electric and Gas Utilities","Energy",11142.0,3953.0,35542.0,13969,"6.01","5.85",0.027350427350427375,122.0,3460.0,888.0,0.0303468208,25.055244954,0,2020.0,"1996-10-11",36.92,24.6,0.025805,188,3.6,3.6,4.3,3.6,3.3,4.0,3.4,"1",2.0,1,0.0,1.0,"standard",1.0,1.0,0.0,"https://www.sempra.com/privacy"
2296999,"Consolidated Edison","https://www.conedison.com",256,"Utilities: Gas and Electric","Energy",12574.0,1343.0,26034.5,14890,"","","",71.0,2062.0,585.0,0.0354025218,24.2260187702,0,2020.0,"1997-09-03",34.4,23.7,0.02547,825,4.1,3.9,4.2,3.9,3.6,4.0,4.0,"1","",1,0.0,1.0,"standard",1.0,1.0,0.0,"https://www.coned.com/en/conedison-privacy-statement"
17155719,"Farmers Insurance Exchange","https://www.farmers.com",255,"Insurance: Property and Casualty (Mutual)","Financials",12592.5,55.3,"",10980,"","","",127.0,3156.0,745.0,0.036121673,22.1454806742,1,"","","","","",3900,3.7,3.7,4.1,3.6,3.4,3.6,3.6,"1","",1,0.0,1.0,"standard ",1.0,1.0,0.0,"https://www.farmers.com/privacy-statement/"
73704178,"American Family Insurance Group","https://www.amfam.com",254,"Insurance: Property and Casualty (Stock)","Financials",12633.2,455.9,"",13531,"","","",122.0,2879.0,927.0,0.0211879125,24.3750858392,0,"","","","","",1300,3.6,3.7,3.8,3.7,3.1,4.0,3.2,"1","",1,0.0,1.0,"standard",1.0,1.0,0.0,"https://www.amfam.com/privacy-security"
54218658,"DTE Energy","https://www.dteenergy.com",253,"Utilities: Gas and Electric","Energy",12669.0,1169.0,18289.5,10700,"","","",5.0,62.0,50.0,0.0161290323,11.4116129032,0,2020.0,"1995-01-26",17.01,26.3,0.028385,638,4.2,4.1,4.1,3.9,3.5,4.3,3.9,"1",1.0,1,0.0,0.0,"standard",0.0,0.0,0.0,"https://newlook.dteenergy.com/wps/wcm/connect/dte-web/quicklinks/footer/customer+data+privacy+policy"
17151193,"Lithia Motors","https://www.lithiainvestorrelations.com",252,"Automotive Retailing, Services","Retailing",12672.7,271.5,1910.0,14320,"","","",151.0,3396.0,746.0,0.035041225,19.9265329683,0,2020.0,"1968-12-23",5.27,52.5,0.063286,395,3.7,3.8,4.1,3.5,3.6,3.6,3.8,"1","",1,0.0,1.0,"standard",1.0,0.0,0.0,"na"
61240936,"DISH Network","https://www.dish.com",251,"Telecommunications","Telecommunications",12807.7,1399.5,10455.8,16000,"","","",185.0,3767.0,731.0,0.03530661,20.3349365399,0,2020.0,"1995-04-26",40.74,26.0,0.051402,5300,3.1,2.9,3.4,2.9,2.8,3.0,3.2,"1","",1,0.0,0.0,"standard",1.0,1.0,0.0,"https://my.dish.com/privacy-policy"
99140308,"L Brands","https://www.lb.com",248,"Specialty Retailers: Apparel","Retailing",12914.2,366.4,3196.7,59950,"5.63","5.42",0.038745387453874534,251.0,4666.0,982.0,0.027218174,21.5807344134,1,2020.0,"1982-03-16",9.31,39.2,0.107969,1100,4.0,3.9,4.2,3.5,3.3,4.0,3.7,"1",2.0,1,0.0,1.0,"standard",1.0,1.0,0.0,"https://www.lb.com/communication/privacy-policy"
27717375,"Ameriprise Financial","https://www.ameriprise.com",245,"Diversified Financials","Financials",13103.0,1893.0,12601.8,12500,"","","",45.0,699.0,270.0,0.0286123033,19.1460944206,2,2020.0,"1995-01-01",9.53,26.4,0.010622,2200,3.9,4.0,4.3,4.0,3.7,3.5,3.7,"1","",1,0.0,0.0,"standard",1.0,1.0,0.0,"https://www.ameriprise.com/binaries/content/assets/ampcom/ucm/p-038885.pdf"
52807078,"State Street","https://www.statestreet.com",244,"Superregional Banks","Financials",12078.0,2420.0,27066.0,38979,"","","",126.0,3144.0,901.0,0.0267175573,23.9758633224,0,2020.0,"1959-09-21",35.19,61.7,0.008637,6100,3.1,2.9,3.5,3.4,2.7,2.9,2.8,"1",1.0,1,0.0,1.0,"standard",1.0,1.0,1.0,"https://www.statestreet.com/utility/privacy-notice.html"
60132111,"BJ's Wholesale Club","https://www.bjs.com",243,"General Merchandisers","Retailing",14956.0,367.0,5720.0,27231,"","","",109.0,3727.0,789.0,0.0316608532,24.3880918564,1,2020.0,"2011-06-24",12.8,9.8,0.075177,1900,3.2,3.0,3.5,3.1,2.9,3.1,3.1,"1","",1,0.0,0.0,"standard",1.0,0.0,0.0,"https://www.bjs.com/content?template=B&espot_main=about_privacy"
18880252,"Kinder Morgan","https://www.kindermorgan.com",242,"Pipelines","Energy",13209.0,2190.0,31529.7,11086,"","","",10.0,142.0,95.0,0.014084507,24.2715492958,0,2020.0,"2006-08-23",33.62,14.7,0.02987,579,3.5,3.2,3.6,3.4,3.2,3.7,3.3,"1","",1,0.0,0.0,"standard",0.0,0.0,0.0,"https://pipeportal.kindermorgan.com/PortalUI/PrivacyPolicy.aspx?TSP=SNGD"
78768752,"Community Health Systems","https://www.chs.net",241,"Health Care: Medical Facilities","Health Care",13210.0,675.0,393.6,71500,"","","",82.0,1646.0,485.0,0.0261239368,18.9162670776,1,2020.0,"1996-06-06",35.19,24.9,0.040172435,1100,3.2,2.8,3.3,3.0,2.6,3.1,3.0,"1","",1,0.0,0.0,"standard",1.0,1.0,0.0,"https://www.chs.net/privacy_statement/"
9911099,"Qurate Retail","https://www.qurateretail.com",239,"Internet Services and Retailing","Retailing",13458.0,456.0,2539.6,25314,"","","",17.0,312.0,174.0,0.0480769231,22.2129713424,0,2020.0,"2006-02-28",10.9,15.2,0.057281,33,3.5,4.0,4.3,4.0,3.8,3.6,3.2,"1","",1,0.0,0.0,"standard ",1.0,0.0,0.0,"http://qurateretail.com/privacy.html"
52856789,"Guardian Life Ins. Co. of America","https://www.guardianlife.com",238,"Insurance: Life, Health (Mutual)","Financials",13476.7,679.8,"",9032,"","","",151.0,4677.0,952.0,0.0387000214,24.7905157973,0,"","","","","",844,3.8,3.7,4.0,3.9,3.2,3.8,3.4,"1","",1,0.0,1.0,"standard",1.0,1.0,1.0,"https://www.guardianlife.com/guardian-privacy-statement"
16873180,"Discover Financial Services","https://www.discover.com",231,"Commercial Banks","Financials",13989.0,2957.0,10923.5,17200,"","","",41.0,995.0,407.0,0.0311557789,22.4108346611,4,2020.0,"2009-03-13",17.6,12.1,0.010057,2600,3.9,4.1,4.3,3.8,3.6,4.0,3.6,"1","",1,0.0,1.0,"standard",1.0,1.0,0.0,"https://www.discover.com/privacy-statement/credit-cards-privacy-policy.html"
40920640,"DaVita","https://www.davita.com",230,"Health Care: Medical Facilities","Health Care",11544.0,845.0,13476.0,65000,"6.00","6.16",-0.025974025974025997,144.0,3238.0,857.0,0.0367510809,21.9283542653,3,2020.0,"1994-04-04",103.48,27.1,0.062644,3800,3.5,3.7,3.9,3.2,3.1,3.2,3.5,"1",1.0,1,0.0,1.0,"standard",1.0,1.0,0.0,"https://www.davita.com/privacy-policy"
10475154,"Illinois Tool Works","https://www.itw.com",229,"Industrial Machinery","Industrials",12568.0,2108.0,64884.0,45000,"6.28","6.22",0.009646302250803939,174.0,4190.0,915.0,0.0329355609,23.3219213782,0,2020.0,"1961-06-19",10.58,60.0,0.117951,805,3.9,3.9,4.3,3.7,3.5,3.9,3.8,"1",1.0,1,0.0,1.0,"standard",1.0,0.0,0.0,"https://www.itw.com/privacy-statement/"
16642056,"Uber Technologies","https://www.uber.com",228,"Internet Services and Retailing","Technology",14147.0,8506.0,48226.1,26900,"","","",254.0,6585.0,1184.0,0.0324981017,22.385264769,4,2020.0,"2010-07-16",9.53,10.8,-0.081022,14000,3.8,3.5,4.0,3.9,3.2,3.5,3.5,"1","",1,1.0,0.0,"standard",1.0,1.0,1.0,"https://www.uber.com/legal/en/document/?uclick_id=0d72a24e-9000-489e-8943-b8d7007c9a7e&country=united-states&lang=en&name=privacy-notice"
78271153,"Automatic Data Processing","https://www.adp.com",227,"Financial Data Services","Business Services",14591.0,2482.0,69618.0,58000,"6.80","6.58",0.033434650455927015,385.0,10136.0,1677.0,0.0257498027,24.6350922006,1,2020.0,"1961-06-12",11.39,60.0,0.042051,12000,3.9,4.0,4.2,3.8,3.5,3.8,3.8,"1",1.0,1,0.0,1.0,"standard",0.0,1.0,1.0,"https://www.adp.com/privacy.aspx"
52767643,"Reinsurance Group of America","https://www.rgare.com",225,"Insurance: Life, Health (stock)","Financials",14300.0,870.0,5186.0,3188,"","","",118.0,2907.0,747.0,0.0330237358,22.3482173363,0,2020.0,"1992-01-01",29.39,29.4,0.005731,251,4.1,3.8,3.8,3.6,3.6,4.1,3.9,"0","",1,0.0,1.0,"standard",1.0,1.0,0.0,"https://www.rgare.com/privacy/web-privacy-policy"
30712181,"Parker-Hannifin","https://www.parker.com",224,"Industrial Machinery","Industrials",14320.3,1512.4,16652.5,55610,"","","",53.0,2024.0,546.0,0.0335968379,28.2794242673,0,2020.0,"1938-12-30",7.55,82.5,0.063312,1900,3.5,3.2,3.2,3.2,2.8,3.5,3.2,"1","",1,0.0,1.0,"standard",1.0,0.0,0.0,"https://www.parker.com/portal/site/PARKER/menuitem.4450f18f18c082cdfd40eae8237ad1ca/?vgnextoid=760b904cf58b2110VgnVCM100000c9040d0aRCRD"
50861209,"Biogen","https://www.biogen.com",223,"Pharmaceuticals","Health Care",14377.9,5888.5,55070.4,7400,"","","",209.0,4827.0,1073.0,0.0358400663,22.4970303605,0,2020.0,"1997-04-01",12.58,24.1,0.112223,1300,4.3,4.2,4.5,4.0,3.7,4.4,3.9,"1",1.0,1,0.0,1.0,"standard",1.0,1.0,0.0,"https://www.biogen.com/en_us/privacy-policy.html"
4584516,"Texas Instruments","https://www.ti.com",222,"Semiconductors","Technology",14461.0,5595.0,159107.0,29768,"6.70","6.46",0.03715170278637774,50.0,1740.0,550.0,0.0304597701,27.1154022989,0,2020.0,"1938-12-23",7.4,82.5,0.198192,3400,4.2,4.1,4.2,3.8,3.7,4.0,3.9,"1",1.0,1,0.0,1.0,"standard",1.0,1.0,0.0,"https://www.ti.com/legal/terms-conditions/privacy-policy/north-america.html"
17231888,"Freeport-McMoRan","https://fcx.com",221,"Mining, Crude-Oil Production","Energy",14198.0,599.0,44996.0,27500,"","","",76.0,2254.0,651.0,0.0385980479,25.5100079391,0,2020.0,"1987-11-10",3.65,33.5,0.035155,750,4.0,3.7,3.6,3.4,3.3,4.3,3.6,"1","",1,0.0,1.0,"standard",1.0,1.0,0.0,"https://fcx.com/freeport-mcmoran-online-privacy-notice"
73624301,"Stanley Black & Decker","https://www.stanleyblackanddecker.com",220,"Home Equipment, Furnishings","Household Products",14535.0,1234.0,28209.0,53000,"7.25","6.47",0.12055641421947454,206.0,6030.0,1141.0,0.0378109453,23.8016068525,1,2020.0,"1901-06-04",5.31,120.2,0.055484,1700,3.7,3.4,3.8,3.4,3.2,3.5,3.5,"1",1.0,1,0.0,1.0,"standard",1.0,0.0,0.0,"https://www.stanleyblackanddecker.com/privacy-policy/global-privacy-policy"
2313883,"BlackRock","https://www.blackrock.com",219,"Securities and Asset Management","Financials",16205.0,4932.0,113810.0,16600,"7.71","7.97",-0.03262233375156835,139.0,4297.0,989.0,0.0360716779,24.1597427015,0,2020.0,"1988-01-01",23.35,33.4,0.020724,3300,4.1,4.2,4.2,3.8,4.0,3.7,4.0,"1",3.0,1,0.0,1.0,"standard",1.0,1.0,1.0,"https://www.blackrock.com/cash/en-gb/account-resources/ics-privacy-notice"
1132045,"Applied Materials","https://www.appliedmaterials.com",218,"Semiconductors","Technology",17202.0,3619.0,98603.0,24000,"6.66","6.74",-0.011869436201780426,85.0,1865.0,514.0,0.0337801609,22.1598486043,0,2020.0,"1987-03-18",4.41,34.2,0.14142,2100,4.0,3.7,4.1,3.4,3.4,3.7,3.8,"1",1.0,1,0.0,1.0,"standard",1.0,1.0,1.0,"https://www.appliedmaterials.com/privacy"
83409422,"Truist Financial","https://www.truist.com",217,"Superregional Banks","Financials",24427.0,4482.0,69604.0,55000,"6.50","","",93.0,2170.0,568.0,0.0331797235,19.7112135177,0,2020.0,"1969-01-01",36.0,52.4,0.009145,337,3.7,3.8,4.0,3.6,3.4,3.6,3.3,"1",1.0,1,0.0,1.0,"standard",1.0,1.0,1.0,"https://www.bbt.com/privacy-security.html"
15422413,"Estée Lauder","https://www.elcompanies.com",215,"Soaps and Cosmetics","Household Products",13961.0,612.0,92289.0,48000,"","","",84.0,2452.0,636.0,0.0314029364,24.5146896605,1,"","","","",0.071472,2500,4.1,4.2,4.0,3.7,3.6,3.9,3.8,"1","",1,0.0,1.0,"standard",1.0,1.0,0.0,"https://www.elcompanies.com/en/privacy-policy"
93682208,"Stryker","https://www.stryker.com",214,"Medical Products and Equipment","Health Care",14351.0,1599.0,92148.0,40000,"6.44","6.16",0.04545454545454549,45.0,1629.0,595.0,0.0319214242,29.1147452425,0,2020.0,"1946-02-20",4.11,75.4,0.057037,3500,4.3,4.2,4.1,3.7,3.8,4.1,4.1,"1",2.0,1,0.0,1.0,"standard",1.0,1.0,0.0,"https://www.stryker.com/us/en/legal/privacy.html"
49336259,"Loews","https://www.loews.com",212,"Insurance: Property and Casualty (Stock)","Financials",14931.0,932.0,10023.0,18605,"","","",195.0,6181.0,1268.0,0.0365636628,26.2625368893,0,2019.0,"1954-01-01",84.6,67.5,-0.00133,41,3.4,3.3,2.0,4.0,3.0,4.1,3.1,"1",1.0,1,0.0,1.0,"standard",1.0,1.0,0.0,"https://www.cna.com/web/guest/cna/privacy/privacy-policy"
70309399,"Omnicom Group","https://www.omnicomgroup.com",211,"Advertising, marketing","Business Services",14953.7,1339.1,11906.0,70000,"","","",105.0,3353.0,823.0,0.028929317,27.1723789641,0,2020.0,"1944-11-17",12.58,76.6,0.039816,185,4.2,3.7,4.1,3.2,3.4,3.5,3.5,"1",1.0,1,0.0,1.0,"standard",1.0,0.0,0.0,"https://www.omnicomgroup.com/privacy-notice/"
13833149,"Booking Holdings","https://www.bookingholdings.com",210,"Internet Services and Retailing","Technology",8897.0,1395.0,88465.0,26400,"6.22","7.98",-0.22055137844611536,83.0,1968.0,558.0,0.0365853659,21.0493779998,0,2020.0,"1998-07-30",14.84,22.8,0.016752,4700,3.8,4.1,4.6,3.6,3.3,3.7,3.1,"1",1.0,1,0.0,1.0,"standard",1.0,1.0,0.0,"https://www.bookingholdings.com/privacy-policy/"
44690539,"C.H. Robinson Worldwide","https://www.chrobinson.com",208,"Trucking, Transportation, Logistics","Transportation",16207.0,506.0,13432.0,14888,"6.36","6.21",0.024154589371980735,104.0,3475.0,907.0,0.0376978417,26.9596292197,0,2020.0,"1997-08-11",9.85,23.7,0.086004,2000,3.6,3.7,3.8,3.7,3.3,3.4,3.1,"1","",1,0.0,1.0,"standard",1.0,1.0,0.0,"https://www.chrobinson.com/en-us/privacy-notice/"
40335925,"Waste Management","https://www.wm.com",207,"Diversified Outsourcing Services","Business Services",14997.0,1505.0,48621.0,44900,"5.61","6.13",-0.08482871125611739,111.0,2413.0,631.0,0.0406133444,19.9843475469,0,2020.0,"1995-04-28",122.73,26.0,0.057542,2200,3.5,3.2,3.4,3.2,3.0,3.6,3.1,"1",1.0,1,0.0,1.0,"standard",1.0,1.0,0.0,"https://www.wm.com/us/en/privacy"
45407176,"Nordstrom","https://shop.nordstrom.com",205,"General Merchandisers","Retailing",11607.0,531.0,5658.0,75000,"6.46","7.71",-0.1621271076523995,128.0,3914.0,706.0,0.027593255,24.648214742,2,2020.0,"1946-09-28",5.75,74.8,-0.053307,17000,3.7,3.8,4.0,3.3,3.2,3.6,3.4,"1",1.0,1,0.0,1.0,"standard ",1.0,1.0,0.0,"https://www.nordstrom.com/browse/customer-service/policy/privacy"
83800849,"American Electric Power","https://www.aep.com",204,"Electric and Gas Utilities","Energy",14924.0,1919.0,40084.0,17408,"6.59","5.91",0.11505922165820638,72.0,1879.0,520.0,0.0361894625,23.4032316244,0,2020.0,"1906-12-20",11.39,114.6,0.02479,510,3.8,3.6,4.0,3.7,3.1,4.0,3.6,"1","",1,0.0,1.0,"standard",1.0,1.0,0.0,"https://aep.com/privacy"
16065958,"Colgate-Palmolive","https://www.colgatepalmolive.com",203,"Soaps and Cosmetics","Household Products",16471.0,2695.0,68745.0,34300,"6.96","7.16",-0.02793296089385477,131.0,4421.0,914.0,0.0341551685,25.3246155148,0,2020.0,"1923-07-25",9.85,98.0,0.153009,2100,3.9,3.8,3.8,3.3,3.3,3.8,3.6,"1",2.0,1,0.0,0.0,"standard",1.0,0.0,0.0,"https://www.colgatepalmolive.com/en-us/legal-privacy-policy"
82435358,"Ross Stores","https://www.rossstores.com",202,"Specialty Retailers: Apparel","Retailing",16039.1,1660.9,30952.3,92500,"","","",139.0,3924.0,867.0,0.0326197757,22.8415256785,1,2019.0,"1989-03-29",9.85,32.1,0.010746,6200,3.4,3.3,3.8,3.2,3.0,3.1,3.2,"0",1.0,1,0.0,1.0,"standard ",1.0,1.0,0.0,"https://www.rossstores.com/privacy-policy/"
72507226,"Principal Financial","https://www.principal.com",201,"Insurance: Life and Health","Financials",14742.0,1396.0,14748.0,17601,"","","",178.0,3756.0,885.0,0.0298189563,20.740768927,2,2012.0,"1879-01-01",10.44,142.7,0.006848,1200,4.1,4.1,4.1,4.0,3.8,3.8,3.6,"1","",1,0.0,1.0,"standard",1.0,1.0,1.0,"https://www.principal.com/privacy-policies"
97338549,"Aramark","https://www.aramark.com",200,"Diversified Outsourcing Services","Business Services",12830.0,462.0,9236.0,209325,"5.71","","",180.0,4414.0,903.0,0.0432714092,21.308662337,1,2020.0,"2006-05-12",29.39,15.0,-0.017129,7400,3.3,3.0,3.6,3.2,2.8,3.1,3.2,"1","",1,0.0,1.0,"standard",1.0,1.0,0.0,"https://www.aramark.com/other/privacy-policy"
85529201,"Gap","https://www.gapinc.com",199,"Specialty Retailers: Apparel","Retailing",16383.0,351.0,2614.0,129000,"","","",224.0,6530.0,1403.0,0.0306278714,24.4692900897,1,2020.0,"1988-04-15",5.63,33.1,-0.022041,6700,3.7,3.8,4.1,3.5,3.3,3.3,3.3,"1","",1,0.0,1.0,"standard ",1.0,1.0,0.0,"https://www.gapinc.com/en-gb/careers/careers-privacy-policy"
44689828,"Western Digital","https://www.westerndigital.com",198,"Computers","Technology",16618.0,34.0,15766.0,63800,"","","",1895.0,41050.0,8632.0,0.0027527406,23.2656384678,0,2020.0,"2000-10-26",5.45,20.5,0.014782,2300,3.4,3.4,3.6,3.6,3.0,3.2,3.1,"1","",1,0.0,1.0,"standard",1.0,1.0,0.0,"https://www.westerndigital.com/legal/privacy-statement"
74910338,"Dominion Energy","https://www.dominionenergy.com",197,"Electric and Gas Utilities","Energy",16717.0,74.0,58397.0,19100,"6.63","6.42",0.03271028037383177,89.0,2561.0,767.0,0.0370948848,26.6448253623,1,2020.0,"1983-02-18",9.14,38.3,0.022524,525,4.0,4.0,3.9,3.8,3.6,3.9,3.8,"1",4.0,1,0.0,1.0,"standard",1.0,0.0,0.0,"https://www.dominionenergy.com/privacy"
52256752,"XPO Logistics","https://www.xpo.com",196,"Trucking, Transportation, Logistics","Transportation",15723.0,92.0,11447.0,100000,"6.69","6.64",0.007530120481927818,101.0,3445.0,759.0,0.0374455733,25.9860897556,1,2020.0,"2000-05-08",9.85,21.0,0.021866,3900,3.6,3.5,4.0,3.2,3.3,3.7,3.6,"1",4.0,1,0.0,0.0,"standard",1.0,1.0,1.0,"https://www.xpo.com/privacy-policy/"
47955590,"Marsh & McLennan","https://www.mmc.com",195,"Diversified Financials","Financials",16652.0,1742.0,43567.0,76000,"","","",83.0,2084.0,624.0,0.0335892514,21.4253312675,0,2020.0,"1969-03-17",10.74,52.2,0.07115,1400,4.1,4.2,4.5,3.9,3.8,4.0,3.9,"1","",1,0.0,1.0,"standard",1.0,1.0,1.0,"https://www.mmc.com/privacy-statement.html"
63926746,"Cognizant Technology Solutions","https://www.cognizant.com",194,"Information Technology Services","Technology",16783.0,1842.0,25495.2,292500,"6.04","5.93",0.018549747048903935,96.0,2748.0,719.0,0.0349344978,25.2782387191,0,2020.0,"1988-04-06",9.13,33.1,0.089994,52000,3.5,3.3,3.5,3.2,2.9,3.2,3.4,"1",1.0,1,0.0,1.0,"standard",1.0,1.0,1.0,"https://www.cognizant.com/privacy-notice"
60090966,"Molina Healthcare","https://www.molinahealthcare.com",193,"Health Care: Insurance and Managed Care","Health Care",16829.0,737.0,8500.8,10000,"","","",182.0,4502.0,1056.0,0.0231008441,23.390729395,10,2020.0,"1980-01-01",84.6,41.4,0.074453,1400,3.4,3.5,3.9,3.4,3.0,3.5,3.3,"1","",1,0.0,1.0,"standard",1.0,1.0,0.0,"https://www.molinahealthcare.com/members/common/en-us/terms_privacy.aspx"
20127012,"Mastercard","https://www.mastercard.com",191,"Consumer Credit Card and Related Services","Business Services",15031.0,6411.0,333881.0,18600,"7.56","7.39",0.0230040595399188,237.0,6688.0,1045.0,0.0336423445,25.3128833303,0,2020.0,"1966-01-01",8.96,55.4,0.162408,3000,4.4,4.5,4.4,4.3,4.1,4.5,4.2,"1",2.0,1,1.0,1.0,"standard",1.0,1.0,1.0,"https://mea.mastercard.com/en-region-mea/about-mastercard/what-we-do/privacy.html"
91013737,"Salesforce","https://www.salesforce.com",190,"Computer Software","Technology",20286.0,3557.0,204547.0,54557,"7.53","7.79",-0.03337612323491653,27.0,1251.0,430.0,0.0175859313,32.9537969624,0,2020.0,"1999-02-03",3.82,22.3,0.004683,8700,4.4,4.5,4.4,4.2,4.2,4.5,4.3,"1",2.0,1,0.0,1.0,"standard",1.0,1.0,1.0,"https://www.salesforce.com/company/privacy/"
69027748,"PG&E","https://www.pgecorp.com",189,"Utilities: Gas and Electric","Energy",17129.0,7656.0,4762.8,23000,"","","",192.0,5670.0,1118.0,0.0261022928,26.0488315697,0,2020.0,"1995-11-17",29.41,25.5,0.017078,1600,4.0,3.7,4.3,3.8,3.3,4.3,4.0,"0",1.0,1,0.0,1.0,"standard",1.0,0.0,0.0,"https://www.pge.com/en_US/about-pge/company-information/privacy-policy/privacy-policy/privacy-policy.page"
7350014,"Lincoln National","https://www.lfg.com",188,"Insurance: Life, Health (stock)","Financials",17258.0,886.0,5142.2,11357,"","","",166.0,3742.0,851.0,0.0264564404,21.202864263,2,2020.0,"1905-01-01",12.58,116.6,0.001418,1200,3.8,3.8,4.3,3.7,3.5,3.8,3.5,"1",2.0,1,0.0,1.0,"standard",1.0,1.0,0.0,"https://www.lfg.com/public/privacy/onlineprivacypolicy"
44037196,"BD","https://www.bd.com",187,"Medical Products and Equipment","Health Care",17290.0,1233.0,65554.0,70093,"","","",179.0,5617.0,1402.0,0.0309773901,26.2532193272,0,"","","","",0.016181589,2900,3.8,3.6,4.0,3.5,3.2,3.8,3.5,"1","",1,0.0,1.0,"standard",1.0,1.0,0.0,"https://www.bd.com/en-us/privacy-statement"
21731504,"EOG Resources","https://www.eogresources.com",186,"Mining, Crude-Oil Production","Energy",17380.0,2734.9,20907.4,2900,"6.04","6.47",-0.06646058732612052,"","","","","",0,2020.0,"1985-06-12",17.6,35.9,-0.002357,208,4.5,4.3,4.6,4.3,4.2,4.6,4.2,"1","",0,"","","","","","","na"
84193247,"HollyFrontier","https://www.hollyfrontier.com",184,"Petroleum Refining","Energy",17486.6,772.4,3967.8,4074,"","","",84.0,2189.0,577.0,0.0388305162,24.6768931236,0,2020.0,"1947-01-25",9.53,74.4,-0.009426,117,3.8,3.5,3.5,3.7,3.0,4.5,3.3,"1",1.0,1,0.0,1.0,"standard",1.0,0.0,0.0,"https://hollyfrontier.com/privacy-statement/default.aspx"
49714782,"PayPal Holdings","https://www.paypal.com",182,"Consumer Credit Card and Related Services","Business Services",20299.0,3142.0,286198.0,23200,"7.21","7.13",0.011220196353436195,145.0,3290.0,799.0,0.0373860182,20.5652237711,0,2020.0,"2015-01-30",8.37,6.2,0.035206,4600,4.0,4.0,4.1,3.8,3.5,4.1,3.6,"1",3.0,1,0.0,1.0,"standard",0.0,1.0,0.0,"https://www.paypal.com/us/webapps/mpp/ua/privacy-full"
2257066,"Jones Lang LaSalle (JLL)","https://www.us.jll.com",179,"Real Estate","Financials",17145.0,427.0,7907.0,93000,"6.43","6.24",0.03044871794871787,58.0,997.0,363.0,0.0351053159,18.3904056999,1,2020.0,"1997-04-15",9.13,24.1,0.031159,5200,3.7,3.7,3.7,3.6,3.3,3.5,3.6,"1","",1,0.0,1.0,"standard",1.0,1.0,1.0,"https://www.us.jll.com/en/mobile-app-privacy-statement"
90537930,"CDW","https://www.cdw.com",178,"Information Technology Services","Technology",18032.4,736.8,13316.3,9900,"","","",91.0,2981.0,754.0,0.0221402214,27.4877314567,0,2020.0,"2007-05-25",24.3,13.9,0.085598,2500,4.2,4.3,4.3,3.9,3.8,3.7,4.1,"0",1.0,1,"",1.0,"standard",1.0,0.0,1.0,"https://www.cdw.com/content/cdw/en/terms-conditions/privacy-notice.html"
18164447,"Emerson Electric","https://www.emerson.com",176,"Industrial Machinery","Industrials",16785.0,1965.0,50469.0,83500,"5.94","6.63",-0.10407239819004517,193.0,6487.0,1298.0,0.0368429166,26.9361581673,0,2020.0,"1890-09-24",8.71,130.9,0.082209,4100,3.6,3.3,3.5,3.5,3.0,3.2,3.3,"1","",1,0.0,1.0,"standard",1.0,1.0,0.0,"https://www.emerson.com/en-us/privacy-notice"
23104382,"Kimberly-Clark","https://www.kimberly-clark.com",175,"Soaps and Cosmetics","Household Products",19140.0,2352.0,44691.0,40000,"6.80","7.05",-0.03546099290780142,160.0,4615.0,1139.0,0.0275189599,24.7379333694,1,2020.0,"1928-06-29",10.06,93.0,0.137131,2500,4.0,4.0,4.0,3.7,3.5,3.9,3.5,"1",1.0,1,0.0,1.0,"standard",1.0,1.0,0.0,"https://www.kimberly-clark.com/en/privacy"
67426216,"Tenet Healthcare","https://www.tenethealth.com",174,"Health Care: Medical Facilities","Health Care",18479.0,232.0,1501.8,101104,"5.77","6.12",-0.05718954248366022,69.0,2041.0,597.0,0.0377266046,23.6692186979,0,2020.0,"1975-11-07",47.94,45.6,0.038883,890,3.2,3.0,3.5,3.1,2.6,3.3,3.2,"1",1.0,1,0.0,1.0,"standard",1.0,1.0,0.0,"https://www.tenethealth.com/privacy"
8545348,"CarMax","https://www.carmax.com",173,"Automotive Retailing, Services","Retailing",19146.0,842.4,8795.0,25946,"","","",121.0,3517.0,814.0,0.0409439864,24.2053487547,0,2019.0,"1996-10-04",59.13,24.6,0.030592,3900,3.7,3.9,4.1,3.3,3.3,3.5,3.6,"1","",1,0.0,1.0,"standard ",1.0,1.0,1.0,"https://www.carmax.com/privacy-policy"
38270491,"NextEra Energy","https://www.nexteraenergy.com",172,"Electric and Gas Utilities","Energy",17997.0,2919.0,164661.0,14800,"7.55","7.35",0.027210884353741523,65.0,1637.0,526.0,0.0323762981,24.001763075,0,2020.0,"1984-09-10",11.6,36.7,0.026214,687,3.9,3.5,4.1,3.0,3.2,3.7,3.7,"1",2.0,1,0.0,1.0,"standard",1.0,0.0,0.0,"https://www.nexteraenergy.com/privacy-policy.html"
3394254,"Synchrony Financial","https://www.synchronyfinancial.com",170,"Diversified Financials","Financials",19461.0,3747.0,9870.8,16500,"","","",280.0,5088.0,944.0,0.0247641509,18.8880682839,0,2020.0,"2003-09-12",9.53,17.6,0.013796,1100,4.1,4.3,4.6,3.9,3.8,4.1,3.7,"0","",1,0.0,1.0,"standard",1.0,1.0,0.0,"https://www.synchrony.com/privacy-policy.html"
7096877,"Kohl’s","https://www.kohls.com",165,"General Merchandisers","Retailing",19974.0,691.0,2265.0,79500,"5.61","7.01",-0.19971469329529237,210.0,3630.0,759.0,0.0415977961,19.145690673,0,"","","","",0.000627,13000,3.6,3.7,4.0,3.5,3.3,3.1,3.2,"0","",1,0.0,1.0,"standard ",1.0,1.0,0.0,"https://www.kohls.com/feature/privacy-policy.jsp"
19452525,"Netflix","https://www.netflix.com",164,"Entertainment","Media",24996.0,2761.0,259043.0,9400,"7.32","7.64",-0.04188481675392662,187.0,5974.0,1034.0,0.0344827586,25.6878831442,2,2020.0,"1997-08-29",14.39,23.7,0.07824,1400,4.3,4.0,4.2,3.3,3.6,4.6,3.7,"1",3.0,1,1.0,1.0,"standard",1.0,1.0,0.0,"https://help.netflix.com/legal/privacy"
97306865,"Whirlpool","https://www.whirlpoolcorp.com",162,"Home Equipment, Furnishings","Industrials",19456.0,1081.0,12242.0,78000,"6.96","6.92",0.0057803468208092535,197.0,5047.0,909.0,0.041014464,22.326178189,0,2020.0,"1955-08-10",8.9,65.9,0.060347,3900,3.9,3.8,3.9,3.7,3.4,3.9,3.7,"1","",1,0.0,1.0,"standard",1.0,1.0,0.0,"https://whirlpoolcorp.com/privacy-notice-united-states-and-canada/"
95680362,"Danaher","https://www.danaher.com",161,"Medical Products and Equipment","Health Care",22284.0,3646.0,168395.0,60000,"6.23","5.93",0.05059021922428343,145.0,3164.0,719.0,0.038874842,20.687820742,0,2020.0,"1986-10-03",9.72,34.6,0.042533,483,4.4,4.3,4.7,3.8,3.9,4.2,4.3,"1",1.0,1,0.0,1.0,"standard",1.0,0.0,0.0,"https://www.danaher.com/sites/default/files/inline-files/Danaher%20Privacy%20Policy.pdf"
44365702,"Hartford Financial Services Group","https://www.thehartford.com",160,"Insurance: Property and Casualty (Stock)","Financials",20740.0,2085.0,12624.8,19500,"","","",98.0,2586.0,680.0,0.0351894818,23.5017377717,1,2020.0,"1810-01-01",84.6,211.9,0.021243,2400,4.0,4.0,4.1,3.8,3.7,3.8,3.8,"1","",1,0.0,1.0,"standard",1.0,1.0,0.0,"https://www.thehartford.com/online-privacy-policy"
29577074,"Bank of New York Mellon","https://www.bnymellon.com",159,"Commercial Banks","Financials",20822.0,4441.0,29808.5,48400,"6.84","6.67",0.025487256371814083,64.0,1533.0,440.0,0.032615786,21.2185624592,0,2020.0,"2007-07-01",6.16,13.8,0.00852,6900,3.1,3.0,3.7,3.3,2.6,2.9,2.8,"1",2.0,1,0.0,1.0,"standard",1.0,1.0,1.0,"https://www.bnymellon.com/us/en/privacy-policy.html"
7616789,"ManpowerGroup","https://www.manpowergroup.com",158,"Temporary Help","Business Services",20863.5,465.7,3109.4,28000,"","","",94.0,3321.0,870.0,0.0343270099,27.2484460589,0,2020.0,"1990-04-12",24.3,31.1,0.025004,1400,3.8,3.5,4.0,3.8,3.2,3.3,3.2,"1","",1,0.0,0.0,"standard",1.0,1.0,1.0,"https://www.manpowergroup.com/privacy-policy"
85302124,"DXC Technology","https://www.dxc.technology",155,"Information Technology Services","Technology",21184.0,1257.0,3311.1,130000,"","","",150.0,4151.0,1039.0,0.0320404722,25.186413555,1,2019.0,"2017-03-31",5.78,4.0,0.018104,13000,2.8,2.7,3.5,3.3,2.6,2.7,2.6,"1","",1,0.0,1.0,"standard ",1.0,1.0,0.0,"https://www.dxc.technology/privacy"
67583415,"AutoNation","https://www.autonation.com",154,"Specialty Retailers","Retailing",20154.0,388.0,6807.0,25000,"6.07","5.54",0.09566787003610112,285.0,8189.0,1839.0,0.0236903163,23.7341441771,1,2020.0,"1991-05-30",7.85,30.0,0.059518,1300,3.4,3.2,3.5,2.9,3.1,3.3,3.4,"1",1.0,0,0.0,0.0,"",0.0,1.0,0.0,"https://www.autonation.com/about"
7282506,"Southern Company","https://www.southerncompany.com",153,"Electric and Gas Utilities","Energy",20172.0,3173.0,64062.0,27943,"6.31","","",79.0,1870.0,591.0,0.0347593583,20.4416164625,0,2020.0,"1945-11-09",8.19,75.6,0.027081,692,4.3,3.9,4.4,3.9,3.6,4.4,3.8,"1",4.0,1,1.0,0.0,"standard",1.0,0.0,0.0,"https://www.southerncompany.com/privacy-statement.html"
47147965,"PNC Financial Services Group","https://www.pnc.com",151,"Superregional Banks","Financials",18262.0,7558.0,66208.0,50403,"7.25","7.33",-0.010914051841746257,146.0,3140.0,767.0,0.0321656051,20.3607015095,1,2020.0,"1969-04-30",23.35,52.1,0.017307,6300,3.7,3.9,4.2,3.7,3.4,3.5,3.6,"1","",1,0.0,1.0,"standard",1.0,1.0,0.0,"https://www.pnc.com/en/privacy-policy.html"
62258152,"Union Pacific","https://www.up.com",149,"Trucking, Transportation, Logistics","Transportation",19533.0,5349.0,147025.0,30960,"6.67","6.03",0.1061359867330016,120.0,3415.0,756.0,0.0301610542,24.7127623231,0,2020.0,"1969-02-03",30.62,52.3,0.079369,2000,2.0,1.8,2.6,1.7,1.6,3.4,2.0,"1",2.0,1,0.0,1.0,"standard",1.0,1.0,0.0,"https://www.up.com/aboutup/corporate_info/privacy/index.htm"
26738076,"Occidental Petroleum","https://www.oxy.com",148,"Mining, Crude-Oil Production","Energy",19759.0,14858.0,21437.0,14400,"7.33","6.57",0.11567732115677318,45.0,688.0,270.0,0.0276162791,18.7318346253,1,2020.0,"1986-04-09",9.45,35.1,-0.055639,679,3.3,2.9,2.9,3.2,2.5,3.6,2.9,"0",2.0,1,0.0,0.0,"standard",0.0,0.0,0.0,"https://www.oxy.com/Information/Pages/Privacy-Policy.aspx"
41405358,"Aflac","https://www.aflac.com",146,"Insurance: Life and Health","Financials",21837.0,4607.0,33058.0,11729,"6.53","5.99",0.09015025041736227,330.0,9474.0,1369.0,0.0276546337,25.424949431,5,2020.0,"1955-01-01",84.6,66.5,0.017307,3200,3.9,4.1,4.3,3.9,3.6,3.5,3.8,"1","",1,0.0,1.0,"standard",1.0,1.0,0.0,"https://www.aflac.com/about-aflac/privacy-policy.aspx"
97738551,"Eli Lilly","https://www.lilly.com",145,"Pharmaceuticals","Health Care",22319.5,8318.4,132760.4,33625,"","","",142.0,3458.0,848.0,0.031810295,21.7709202584,0,2020.0,"1901-01-17",6.17,120.6,0.109861,2800,4.2,4.1,4.1,4.0,3.7,4.0,3.7,"1",8.0,1,0.0,1.0,"standard",1.0,1.0,0.0,"https://www.lilly.com/privacy"
96382114,"Lumen Technologies","https://www.lumen.com",143,"Telecommunications","Telecommunications",22401.0,5269.0,10307.1,42500,"","","",526.0,11972.0,876.0,0.0424323421,21.9976004848,0,2020.0,"1968-05-07",197.26,53.1,0.03771,4900,3.2,3.1,3.6,3.5,2.8,3.3,3.0,"1",1.0,1,0.0,1.0,"standard",1.0,1.0,1.0,"https://www.lumen.com/en-us/about/legal/privacy-notice.html"
99368695,"Halliburton","https://www.halliburton.com",142,"Oil and Gas Equipment, Services","Energy",22408.0,1131.0,6027.4,55000,"","","",75.0,2125.0,624.0,0.0404705882,25.3568627451,0,2020.0,"1996-11-07",6.15,24.5,0.015659,4500,3.5,3.2,3.8,2.9,2.8,3.7,3.4,"1",2.0,1,0.0,1.0,"standard",1.0,0.0,0.0,"https://www.halliburton.com/en-US/about-us/legal/privacy-policy.html"
99974471,"Southwest Airlines","https://www.southwest.com",141,"Airlines","Transportation",9048.0,3074.0,28467.0,56537,"5.29","5.76",-0.08159722222222218,188.0,5683.0,1127.0,0.0404715819,24.4441200145,1,2020.0,"1967-03-09",21.86,54.2,-0.104182,2700,4.6,4.6,4.5,4.2,4.1,4.5,4.3,"1",3.0,1,0.0,1.0,"ccpa",1.0,1.0,0.0,"https://www.southwest.com/html/about-southwest/terms-and-conditions/privacy-policy-pol.html"
77644806,"Gilead Sciences","https://www.gilead.com",140,"Pharmaceuticals","Health Care",22449.0,5386.0,94124.0,11800,"","","",138.0,4072.0,1004.0,0.0358546169,26.2920930497,0,2020.0,"1987-06-22",14.67,33.9,0.107827,1200,3.7,3.5,3.6,3.1,3.2,4.1,3.4,"1",4.0,1,0.0,1.0,"standard",1.0,1.0,0.0,"https://www.gilead.com/privacy-statements"
83534384,"Broadcom","https://www.broadcom.com",138,"Semiconductors and Other Electronic Components","Technology",22597.0,2724.0,94790.5,19000,"","","",178.0,4603.0,995.0,0.0336736911,23.1267878545,0,2020.0,"2018-01-17",23.82,3.2,0.042679,3100,3.4,2.7,3.3,3.2,2.9,3.9,2.8,"1",1.0,1,0.0,1.0,"standard",1.0,1.0,1.0,"https://www.broadcom.com/company/legal/privacy/policy"
43863760,"Visa","https://usa.visa.com",137,"Consumer Credit Card and Related Services","Business Services",21479.0,10720.0,496377.0,20500,"7.86","7.70",0.020779220779220797,175.0,3020.0,727.0,0.0367549669,19.154512772,0,2020.0,"2007-01-01",9.72,14.3,0.112382,3900,4.1,4.1,4.1,4.0,3.7,4.0,3.7,"1",2.0,1,0.0,1.0,"standard",1.0,1.0,0.0,"https://usa.visa.com/dam/VCOM/global/support-legal/documents/privacy-notice.pdf"
53578149,"Penske Automotive Group","https://www.penskeautomotive.com",136,"Specialty Retailers","Retailing",20524.0,445.0,5287.0,27000,"6.41","5.62",0.14056939501779359,198.0,4337.0,967.0,0.0251325801,21.6829903834,0,2020.0,"1990-12-06",5.97,30.4,0.029353,450,4.4,4.4,4.7,4.2,4.2,4.4,4.4,"1","",1,0.0,1.0,"standard",1.0,1.0,0.0,"https://www.penskeautomotive.com/privacy/privacy-policy/"
56444265,"Amgen","https://www.amgen.com",135,"Pharmaceuticals","Health Care",23362.0,7842.0,119571.5,23400,"6.66","6.92",-0.03757225433526008,922.0,16702.0,2412.0,0.0119147407,23.4500344043,0,2020.0,"1986-10-31",6.53,34.5,0.095063,2700,4.1,3.9,4.1,3.7,3.6,4.1,3.7,"1",3.0,1,0.0,1.0,"standard",1.0,1.0,1.0,"https://www.amgen.com/privacy-statement"
41298594,"Micron Technology","https://www.micron.com",134,"Semiconductors and Other Electronic Components","Technology",23406.0,6313.0,46778.5,37000,"","","",186.0,3927.0,909.0,0.0303030303,20.9228796504,0,2020.0,"1984-04-06",3.82,37.1,0.043733,3100,3.7,3.6,3.9,3.0,3.3,3.9,3.7,"1","",1,0.0,1.0,"standard",1.0,1.0,0.0,"https://www.micron.com/privacy"
70488772,"Cummins","https://www.cumminseurope.com/",132,"Industrial Machinery","Industrials",19559.0,1588.0,35008.0,61615,"","","",307.0,7724.0,1412.0,0.0297773175,22.7308555591,0,2020.0,"1919-02-03",5.78,102.5,0.056419,5000,4.0,4.0,4.3,4.0,3.4,3.7,3.6,"1",1.0,1,0.0,0.0,"standard",1.0,1.0,0.0,"https://www.cummins.com/privacy-and-legal"
24832322,"Dollar Tree","https://www.dollartree.com",131,"Specialty Retailers: Other","Retailing",23610.8,827.0,17398.5,125000,"","","",183.0,3292.0,736.0,0.0346294046,19.1154340046,0,2020.0,"2008-02-22",7.44,13.2,0.067403,4700,3.2,2.9,3.5,3.0,2.9,2.5,3.0,"1",2.0,1,0.0,1.0,"standard",1.0,1.0,0.0,"https://www.dollartree.com/privacy-policy"
20094071,"Baker Hughes","https://www.bakerhughes.com",129,"Oil and Gas Equipment, Services","Energy",23838.0,128.0,10827.3,68000,"","","",151.0,3743.0,931.0,0.029922522,23.5406659318,0,2020.0,"2016-10-28",4.68,4.5,0.014172,2300,3.7,3.5,3.9,3.4,3.0,3.9,3.3,"1",1.0,1,0.0,1.0,"standard",1.0,0.0,1.0,"https://www.bakerhughes.com/privacy"
97012135,"CBRE Group","https://www.cbre.com",128,"Real Estate","Financials",24036.0,1076.0,21772.0,100000,"6.91","6.65",0.03909774436090222,133.0,4277.0,983.0,0.0346036942,24.263672274,0,2020.0,"2001-02-20",432.64,20.2,0.043294,5800,4.0,3.9,4.0,3.7,3.6,3.7,3.8,"1",2.0,1,0.0,1.0,"standard",1.0,1.0,0.0,"https://www.cbre.com/about/privacy-policy"
57980856,"NGL Energy Partners","https://www.nglenergypartners.com",127,"Pipelines","Energy",24087.8,360.0,333.7,1300,"","","",85.0,2096.0,648.0,0.0305343511,21.3520790301,0,2019.0,"2010-09-08",21.86,10.6,0.01712,55,1.9,1.5,3.0,2.0,1.8,2.3,1.8,"1","",1,0.0,0.0,"standard",0.0,0.0,0.0,"http://www.nglenergypartners.com/privacy-policy"
28580986,"Qualcomm","https://www.qualcomm.com",126,"Semiconductors","Technology",23531.0,5198.0,186163.0,41000,"6.53","6.46",0.010835913312693542,77.0,2033.0,616.0,0.0309886867,22.1498240078,0,2020.0,"1991-08-15",8.37,29.7,0.136758,7200,4.1,3.7,3.8,3.4,3.4,3.9,3.8,"1",1.0,1,0.0,1.0,"standard ",1.0,1.0,0.0,"https://www.qualcomm.com/site/privacy"
63338445,"PBF Energy","https://www.pbfenergy.com",125,"Petroleum Refining","Energy",24508.2,319.4,848.1,3442,"","","",1.0,3.0,3.0,0.0,14.5333333333,0,2020.0,"2011-11-07",8.96,9.5,-0.094519,111,3.7,3.3,3.4,2.9,2.7,4.3,3.0,"1","",0,"","","","","","","https://www.pbfenergy.com/privacy-statement/"
78257680,"Duke Energy","https://www.duke-energy.com",123,"Electric and Gas Utilities","Energy",23773.0,2114.0,66815.0,28793,"6.46","5.95",0.08571428571428567,170.0,5501.0,1104.0,0.0330848937,27.0573269031,3,2020.0,"2005-05-03",7.54,16.0,0.021612,1200,4.1,4.1,4.1,3.9,3.5,4.1,3.9,"0",6.0,1,0.0,1.0,"standard",0.0,0.0,0.0,"https://www.duke-energy.com/Legal/Privacy"
85363982,"Jabil","https://www.jabil.com",121,"Semiconductors and Other Electronic Components","Technology",25282.3,287.1,3738.4,200000,"","","",116.0,3216.0,862.0,0.0379353234,23.7389089038,0,2020.0,"1992-02-21",8.71,29.2,0.044044,1800,3.4,3.2,3.4,3.0,3.0,3.3,3.2,"1","",1,0.0,1.0,"standard",1.0,1.0,1.0,"https://www.jabil.com/about-us/the-jabil-code/privacy.html"
82017061,"Macy’s","https://www.macysinc.com",120,"General Merchandisers","Retailing",25331.0,564.0,1520.4,123000,"","","",32.0,823.0,295.0,0.0291616039,20.3482533414,2,2019.0,"1985-12-13",6.53,35.4,-0.029,22000,3.4,3.3,3.8,3.3,3.0,3.0,3.1,"1",1.0,1,0.0,0.0,"standard",0.0,1.0,0.0,"https://www.macysinc.com/privacy-policy"
40232297,"Thermo Fisher Scientific","https://www.thermofisher.com",119,"Medical Products and Equipment","Technology",28497.0,4879.0,204446.0,75000,"6.55","6.06",0.08085808580858089,152.0,4178.0,912.0,0.0320727621,25.2503615429,0,2020.0,"1960-10-11",8.0,60.7,0.077275,4900,3.7,3.6,3.8,3.4,3.3,3.5,3.6,"1","",1,0.0,1.0,"standard",1.0,1.0,1.0,"https://www.thermofisher.com/us/en/home/global/privacy-policy.html"
59306024,"Paccar","https://www.paccar.com",118,"Construction and Farm Machinery","Industrials",18729.0,1298.0,30969.0,27000,"6.62","","",197.0,6181.0,1579.0,0.0198996926,26.2567737877,1,2020.0,"1971-11-19",15.33,49.5,0.035724,642,3.2,3.0,2.8,3.5,2.6,3.2,3.1,"1",3.0,1,0.0,1.0,"standard",1.0,1.0,0.0,"https://www.paccar.com/privacy.aspx"
44470487,"Bristol-Myers Squibb","https://www.bms.com",115,"Pharmaceuticals","Health Care",39395.0,44.0,149709.0,30000,"6.63","6.84",-0.030701754385964907,138.0,3472.0,751.0,0.0411866359,23.3932612035,0,2020.0,"1933-08-11",20.5,87.9,0.039,2600,4.1,4.1,4.1,3.9,3.6,4.1,3.7,"1",3.0,1,0.0,1.0,"standard",1.0,1.0,0.0,"https://www.bms.com/privacy-policy.html"
31261614,"U.S. Bancorp","https://www.usbank.com",113,"Superregional Banks","Financials",25241.0,4959.0,68690.0,70000,"7.63","7.61",0.0026281208935610475,135.0,3456.0,821.0,0.0367476852,23.3302777778,0,"","","","",0.009501,6700,3.7,3.7,4.0,3.6,3.2,3.4,3.4,"1","",1,0.0,1.0,"standard",1.0,1.0,0.0,"https://www.usbank.com/about-us-bank/privacy/security.html"
56327554,"Dollar General","https://www.dollargeneral.com",112,"Specialty Retailers","Retailing",27754.0,1712.6,47928.0,143000,"5.63","","",123.0,4033.0,919.0,0.0451276965,25.5230841493,1,2020.0,"1998-05-29",6.43,22.9,0.091333,8000,2.9,2.8,3.4,2.5,2.6,2.7,3.2,"1",2.0,1,0.0,1.0,"standard",1.0,1.0,0.0,"https://www.dollargeneral.com/privacy-policy.html"
70275980,"ViacomCBS","https://www.viacbs.com",111,"Entertainment","Media",27812.0,3308.0,16130.0,26280,"","","",256.0,5597.0,1066.0,0.0400214401,21.4592664039,0,2020.0,"1986-11-10",14.39,34.5,0.055086,2500,3.7,3.7,3.9,3.7,3.2,3.5,3.3,"1","",1,0.0,1.0,"standard",1.0,1.0,0.0,"https://www.viacomcbsprivacy.com/en/policy?r=www.viacomcbs.com"
38807133,"Hewlett Packard Enterprise","https://www.hpe.com",109,"Computers","Technology",26982.0,322.0,15962.0,59400,"5.97","5.51",0.08348457350272231,165.0,4606.0,1050.0,0.0310464611,25.0175586521,2,2020.0,"2015-02-25",10.09,6.1,0.020294,13000,3.7,3.8,4.3,3.9,3.3,3.5,3.3,"1",1.0,1,0.0,1.0,"standard",1.0,1.0,1.0,"https://www.hpe.com/us/en/legal/privacy.html"
42046784,"Travelers Cos.","https://www.travelers.com",106,"Insurance: Property and Casualty","Financials",31981.0,2697.0,36735.0,30000,"6.83","6.71",0.01788375558867364,84.0,2521.0,695.0,0.034906783,24.2062692431,0,"","","","",0.019701,3400,4.1,4.1,4.2,4.0,3.8,4.1,4.0,"1","",1,0.0,1.0,"standard",1.0,1.0,1.0,"https://www.travelers.com/about-travelers/privacy-statements"
81079250,"Abbott Laboratories","https://www.abbott.com",104,"Medical Products and Equipment","Health Care",34608.0,4495.0,200082.0,107000,"7.18","6.86",0.04664723032069962,145.0,4379.0,958.0,0.0365380224,25.4711852021,0,2020.0,"1900-03-06",6.91,121.4,0.049426,5200,3.9,3.6,3.8,3.3,3.2,4.0,3.6,"1",4.0,1,0.0,1.0,"standard",1.0,1.0,1.0,"https://www.abbott.com/privacy-policy.html"
98041190,"Northwestern Mutual","https://www.northwesternmutual.com",102,"Insurance: Life and Health","Financials",32294.0,1268.0,"",5964,"6.34","6.29",0.007949125596184391,121.0,3060.0,678.0,0.0290849673,24.2987090153,2,"","","","",0.023612,7100,4.1,4.2,4.2,4.0,4.1,3.8,4.1,"1","",1,0.0,1.0,"standard",1.0,1.0,0.0,"https://www.northwesternmutual.com/online-privacy-statement/"
48682231,"Enterprise Products Partners","https://www.enterpriseproducts.com",101,"Pipelines","Energy",32789.0,4591.3,38472.0,7300,"","","",48.0,1161.0,354.0,0.044788975,21.1478682171,0,2020.0,"1998-04-09",8.23,23.1,0.054584,283,4.3,4.0,4.2,4.0,3.8,4.3,4.1,"1","",1,0.0,0.0,"standard",1.0,0.0,0.0,"https://www.enterpriseproducts.com/privacy-policy"
45830312,"StoneX Group","https://www.stonex.com",100,"Diversified Financials","Financials",50617.0,99.0,988.0,2012,"","","",132.0,2870.0,670.0,0.0296167247,20.3624749235,0,2020.0,"1998-01-01",16.47,23.3,0.014337,214,3.6,3.3,3.1,3.2,3.3,3.7,3.0,"1","",1,0.0,1.0,"standard",1.0,1.0,0.0,"https://my.stonex.com/s/privacy-policy?language=en_US"
69795220,"AbbVie","https://www.abbvie.com",99,"Pharmaceuticals","Health Care",40650.0,7381.0,198828.0,47000,"6.46","6.49",-0.004622496147919915,202.0,6533.0,1193.0,0.0355120159,26.6271280763,0,2020.0,"2012-04-10",13.84,9.0,0.081874,2100,4.0,3.8,3.9,3.6,3.5,4.1,3.7,"1",3.0,1,0.0,1.0,"standard",1.0,1.0,0.0,"https://www.abbvie.com/privacy.html"
9953010,"Plains GP Holdings","https://www.plainsallamerican.com",98,"Pipelines","Energy",33669.0,331.0,1463.0,5000,"","","",79.0,2013.0,562.0,0.0303030303,21.7572336773,0,2020.0,"2013-07-17",36.0,7.8,0.019022,191,3.9,3.6,3.2,3.7,3.4,3.9,3.4,"1","",1,0.0,1.0,"standard",0.0,0.0,0.0,"https://www.plainsallamerican.com/privacy-policy"
65808664,"Capital One Financial","https://www.capitalone.com",97,"Consumer Credit Card and Related Services","Financials",31643.0,2714.0,50946.0,52000,"6.29","6.14",0.024429967426710157,157.0,3751.0,854.0,0.0410557185,22.8224836859,4,2020.0,"1994-11-22",8.0,26.5,0.006692,9800,4.2,4.2,4.3,4.2,3.7,4.2,3.8,"1",2.0,1,0.0,1.0,"standard",1.0,1.0,0.0,"https://www.capitalone.com/privacy/online-privacy-policy"
38940501,"Exelon","https://www.exeloncorp.com",95,"Electric and Gas Utilities","Energy",33267.0,2376.0,41928.0,32713,"6.20","6.19",0.0016155088852988345,97.0,2435.0,622.0,0.0435318275,21.3923664769,0,2020.0,"1999-02-04",19.19,22.3,0.0212,883,4.0,3.9,4.3,3.5,3.6,4.4,3.9,"1","",1,0.0,1.0,"standard",1.0,0.0,0.0,"https://www.exeloncorp.com/privacy-policy"
91650972,"USAA","https://www.usaa.com",94,"Insurance: Property and Casualty","Financials",35618.0,4007.0,"",35076,"6.78","6.90",-0.0173913043478261,226.0,4610.0,1025.0,0.0310195228,19.2569059183,2,"","","","","",3900,3.9,4.0,4.1,3.7,3.3,4.0,3.4,"1","",1,0.0,1.0,"standard",1.0,1.0,0.0,"https://www.usaa.com/inet/wc/security_protect_your_personal_information"
10238564,"ConocoPhillips","https://www.conocophillips.com",93,"Mining, Crude-Oil Production","Energy",21475.0,1209.0,61446.0,9800,"6.73","6.59",0.02124430955993939,208.0,6200.0,1275.0,0.034516129,25.0263027295,0,2020.0,"2001-11-16",18.75,19.5,-0.015285,1200,3.9,3.8,3.5,3.8,3.4,4.3,3.2,"1",1.0,1,0.0,1.0,"standard",1.0,0.0,0.0,"https://www.conocophillips.com/legal-and-privacy-policy/"
99007911,"Honeywell International","https://www.honeywell.com",92,"Electronics","Industrials",32637.0,4779.0,146007.0,113000,"7.30","7.17",0.018131101813110166,4432.0,98681.0,20355.0,0.002675287,23.8254114743,0,2020.0,"1999-11-24",7.27,21.4,0.067476,12000,3.5,3.2,3.8,3.2,3.0,3.5,3.6,"1",2.0,1,0.0,1.0,"standard",1.0,1.0,0.0,"https://www.honeywell.com/us/en/privacy-statement"
95830263,"World Fuel Services","https://www.wfscorp.com",91,"Energy","Energy",36819.0,178.9,1489.0,5500,"","","",198.0,6039.0,1164.0,0.0455373406,24.6325219407,0,2020.0,"1984-07-20",59.13,36.8,0.020704,345,3.4,3.4,4.6,3.5,3.2,3.8,3.4,"1",1.0,1,0.0,1.0,"standard",1.0,1.0,0.0,"https://www.wfscorp.com/en/privacy-policy"
47744325,"Massachusetts Mutual Life","https://www.massmutual.com",89,"Insurance: Life and Health","Financials",37254.0,3701.0,"",9896,"6.17","6.20",-0.004838709677419395,93.0,2630.0,689.0,0.0414448669,23.311827957,4,"","","","","",1700,3.8,3.9,4.0,3.8,3.4,3.6,3.5,"1","",1,0.0,0.0,"standard",1.0,1.0,0.0,"https://www.massmutual.com/legal/privacy-policy"
10940099,"Progressive","https://www.progressive.com",86,"Insurance: Property and Casualty","Financials",42658.0,5705.0,56224.0,41571,"6.68","6.33",0.05529225908372822,26.0,478.0,240.0,0.0146443515,18.2325072417,0,2020.0,"1937-01-01",3.66,84.5,0.077622,3400,4.1,4.3,4.4,3.7,3.9,4.1,4.1,"0",1.0,1,0.0,1.0,"standard",1.0,1.0,0.0,"http://www.progressive.com/privacy/"
71942107,"Deere","https://www.deere.com",84,"Construction and Farm Machinery","Industrials",35540.0,2751.0,94622.0,69634,"8.40","7.37",0.1397557666214383,165.0,3695.0,931.0,0.0300405954,22.2187394924,1,2020.0,"1958-04-25",7.11,63.1,0.047326,3600,3.9,3.8,3.6,3.7,3.4,4.0,3.6,"1",1.0,1,0.0,1.0,"standard",1.0,1.0,0.0,"https://www.deere.com/en/privacy-and-data/"
59705430,"Oracle","https://www.oracle.com",82,"Computer Software","Technology",39506.0,11083.0,170158.0,136000,"","","",159.0,5305.0,1045.0,0.0326107446,27.0537347584,1,2020.0,"2005-09-09",185.16,15.6,0.089694,33000,3.6,3.2,3.6,3.8,3.0,3.5,3.4,"0",3.0,1,0.0,1.0,"standard",1.0,1.0,1.0,"https://www.oracle.com/legal/privacy/privacy-policy.html"
31281210,"TIAA","https://www.tiaa-cref.org",81,"Insurance: Life and Health","Financials",40455.0,2461.0,"",16533,"6.52","6.30",0.03492063492063488,113.0,2403.0,737.0,0.0262172285,20.7741930257,0,"","","","","",2200,3.9,3.9,4.4,4.0,3.4,4.3,3.4,"0","",1,0.0,1.0,"standard",1.0,1.0,1.0,"https://www.tiaa.org/public/support/privacy/privacy-notice"
24984086,"TJX","https://www.tjx.com",80,"Specialty Retailers","Retailing",33401.0,750.0,81992.0,286000,"6.15","6.18",-0.004854368932038731,59.0,1743.0,529.0,0.0401606426,24.1864270642,0,2019.0,"1962-04-09",3.66,59.2,0.001597,2900,3.8,3.8,4.0,3.5,3.4,3.3,3.6,"1",6.0,1,0.0,1.0,"standard",1.0,0.0,0.0,"https://www.tjx.com/privacy"
25243892,"Liberty Mutual Insurance Group","https://www.libertymutual.com",77,"Insurance: Property and Casualty (Stock)","Financials",43228.0,1044.0,"",45000,"","","",64.0,2061.0,666.0,0.0276564774,26.932681344,0,"","","","",0.00521403,5900,3.8,3.7,4.1,3.7,3.3,4.0,3.6,"1","",1,0.0,1.0,"standard",1.0,1.0,0.0,"https://www.libertymutualgroup.com/general/about-lm/corporate-information/website-and-data-privacy"
50025160,"United Airlines Holdings","https://www.united.com",76,"Airlines","Transportation",43259.0,3009.0,9114.0,96000,"","","",1957.0,54894.0,1482.0,0.038510584,23.4967822167,3,2020.0,"1968-12-30",16.48,52.4,-0.10124,4200,4.1,3.9,4.3,3.8,3.5,4.2,3.9,"1",4.0,1,0.0,1.0,"ccpa",1.0,1.0,0.0,"https://www.united.com/ual/en/us/fly/privacy.html"
60987513,"Best Buy","https://investors.bestbuy.com/investor-relations/overview/default.aspx",75,"Specialty Retailers","Retailing",45521.0,1727.0,29062.0,125000,"7.39","5.41",0.365988909426987,139.0,2949.0,782.0,0.0400135639,20.5853475511,2,2020.0,"1966-10-20",8.42,54.6,0.093304,25000,3.8,3.7,4.1,3.4,3.3,3.6,3.4,"1",1.0,1,0.0,1.0,"standard",1.0,1.0,0.0,"https://www.bestbuy.com/site/help-topics/privacy-policy/pcmcat204400050062.c?id=pcmcat204400050062&intl=nosplash"
95760748,"Nationwide","https://www.nationwide.com",74,"Insurance: Property and Casualty (Mutual)","Financials",43982.0,829.7,"",28114,"","","",167.0,3757.0,833.0,0.0393931328,21.5513709339,1,"","","","","",3800,3.8,3.9,4.3,3.9,3.4,3.7,3.5,"1","",1,0.0,1.0,"standard",1.0,1.0,0.0,"https://www.nationwide.com/personal/privacy-security/pages/privacy"
62824499,"New York Life Insurance","https://www.newyorklife.com",73,"Insurance: Life and Health","Financials",44117.0,1004.0,"",11519,"6.40","6.36",0.0062893081761006345,25.0,332.0,186.0,0.015060241,17.6011566265,1,"","","","","",3600,4.0,4.1,4.5,4.0,3.9,3.8,3.9,"1","",1,0.0,0.0,"1",1.0,1.0,1.0,"https://www.newyorklife.com/about/privacy-policy"
77223592,"Allstate","https://www.allstate.com",72,"Insurance: Property and Casualty","Financials",44245.0,4725.0,33752.0,46035,"6.66","6.53",0.01990811638591116,180.0,4676.0,1035.0,0.0286569718,24.3945328391,1,2020.0,"1931-01-01",3.66,90.5,0.043308,6700,3.5,3.4,3.9,3.6,3.1,3.2,3.2,"1",2.0,1,0.0,1.0,"standards",1.0,1.0,1.0,"https://www.allstate.com/about/privacy-statement-aic.aspx"
7684579,"Charter Communications","https://www.charter.com",71,"Telecommunications","Telecommunications",45764.0,1668.0,137205.0,95100,"","","",10.0,113.0,71.0,0.0088495575,20.8031858407,0,2020.0,"2003-07-09",38.46,17.8,0.035897,7700,3.3,2.9,3.8,2.9,2.8,3.8,3.3,"1",2.0,1,0.0,0.0,"standard",1.0,1.0,0.0,"https://www.spectrum.com/policies/privacy-policy"
73347725,"American Airlines Group","https://www.aa.com",70,"Airlines","Transportation",45768.0,1686.0,5655.0,133700,"","","",187.0,6070.0,1155.0,0.0382207578,25.3134465108,1,2020.0,"1982-02-16",10.74,39.3,-0.113296,41000,3.9,3.6,4.1,3.7,3.1,3.9,3.6,"1",1.0,1,0.0,1.0,"ccpa",1.0,1.0,0.0,"https://www.aa.com/i18n/customer-service/support/privacy-policy.jsp"
11663411,"Merck","https://www.merck.com",69,"Pharmaceuticals","Health Care",47347.0,11517.0,208627.0,71000,"7.45","7.46",-0.001340482573726513,137.0,3911.0,815.0,0.0439785221,24.3261629654,0,2020.0,"1970-07-28",7.61,50.9,0.032177,4500,4.2,4.1,4.3,3.9,3.7,4.1,3.8,"1",3.0,1,0.0,1.0,"standard",0.0,1.0,0.0,"https://www.msdprivacy.com/us/en/internet-privacy-policy/"
33131762,"Delta Air Lines","https://www.delta.com",68,"Airlines","Transportation",17095.0,12385.0,26543.0,90000,"6.89","7.31",-0.05745554035567715,266.0,11935.0,1750.0,0.0274821952,30.7299406875,2,2020.0,"1967-03-16",23.35,54.2,-0.084231,4000,4.5,4.4,4.5,4.1,4.0,4.4,4.2,"1",4.0,1,0.0,1.0,"standard",1.0,1.0,0.0,"https://www.delta.com/us/en/legal/privacy-and-security"
39511968,"American Express","https://www.americanexpress.com",67,"Consumer Credit Card and Related Services","Financials",38185.0,3135.0,103823.0,64000,"6.76","6.51",0.03840245775729647,129.0,3692.0,865.0,0.0303358613,24.2216264792,4,2020.0,"1850-03-18",22.4,171.5,0.016089,10000,4.2,4.2,4.4,4.2,3.8,3.9,3.9,"1",2.0,1,0.0,1.0,"standard",1.0,1.0,0.0,"https://www.americanexpress.com/us/company/privacy-center/online-privacy-disclosures/"
61173779,"American International Group","https://www.aig.com",66,"Insurance: Property and Casualty (Stock)","Financials",49746.0,3348.0,27682.0,46000,"","","",163.0,5118.0,1083.0,0.0293083236,25.1112872408,0,2020.0,"1919-01-01",3.66,102.6,0.003077,5600,3.6,3.4,3.7,3.8,3.0,3.7,3.1,"1",1.0,1,0.0,1.0,"standard",1.0,1.0,0.0,"https://www.aig.com/privacy-policy"
17081064,"HCA Healthcare","https://www.hcahealthcare.com",65,"Health Care: Medical Facilities","Health Care",50763.0,3399.0,56831.0,245000,"6.83","","",500.0,12355.0,2580.0,0.0254148118,22.9410619183,0,2020.0,"2010-10-19",25.45,10.5,0.097273,3000,3.6,3.6,3.8,3.4,3.2,3.5,3.6,"1",1.0,1,0.0,1.0,"standard",1.0,0.0,0.0,"https://hcahealthcare.com/legal/index.dot#privacy-policy"
89802512,"Pfizer","https://www.pfizer.com",64,"Pharmaceuticals","Health Care",48649.0,8686.0,202882.0,88300,"6.52","6.65",-0.019548872180451243,150.0,4163.0,989.0,0.0350708624,23.9286213468,0,2020.0,"1942-06-02",5.21,79.1,0.039342,5300,4.3,4.1,4.1,3.9,3.7,4.2,3.8,"1",8.0,1,0.0,1.0,"standard",1.0,1.0,1.0,"https://www.pfizer.com/Privacy"
93968555,"Cisco Systems","https://www.cisco.com",63,"Network and Other Communications Equipment","Technology",48071.0,10462.0,191585.0,77500,"6.55","7.85",-0.16560509554140126,141.0,3380.0,886.0,0.0301775148,23.6478240799,1,2020.0,"2021-01-15",38.46,0.2,0.091162,23000,4.1,4.2,4.1,4.1,3.7,4.0,3.8,"1",2.0,1,1.0,1.0,"standard ",1.0,1.0,1.0,"https://www.cisco.com/c/en/us/about/legal/privacy-full.html"
81280069,"Caterpillar","https://www.caterpillar.com",62,"Construction and Farm Machinery","Industrials",41748.0,2998.0,104491.0,102300,"8.08","7.34",0.10081743869209812,613.0,15257.0,3094.0,0.0245788818,25.2246848851,0,2020.0,"1986-03-12",3.66,35.2,0.039522,5100,3.9,3.6,3.8,3.6,3.2,4.0,3.4,"1",3.0,1,0.0,1.0,"standard",1.0,1.0,0.0,"https://www.caterpillar.com/en/legal-notices/dataprivacy.html"
92536935,"Morgan Stanley","https://www.morganstanley.com",61,"Megabanks","Financials",52047.0,10996.0,135401.0,68097,"6.41","6.55",-0.02137404580152667,120.0,2693.0,775.0,0.0211659859,23.8448434212,1,2020.0,"1924-01-01",38.46,97.6,0.011116,11000,4.0,4.0,4.0,3.6,3.7,3.7,3.8,"1",2.0,1,0.0,1.0,"standard",1.0,1.0,1.0,"https://www.morganstanley.com/disclaimers/us-privacy-policy-and-notice"
48599151,"Goldman Sachs Group","https://www.goldmansachs.com",60,"Megabanks","Financials",52778.0,9459.0,104183.0,40500,"6.70","6.68",0.0029940119760479733,43.0,1585.0,460.0,0.0252365931,25.5454478762,2,2020.0,"1990-12-31",13.84,30.4,0.008774,10000,4.0,3.8,4.0,3.1,3.6,3.7,4.0,"1",3.0,1,0.0,1.0,"standard",1.0,1.0,1.0,"https://www.goldmansachs.com/privacy-and-cookies/index.html"
58723819,"Energy Transfer","https://www.energytransfer.com",59,"Pipelines","Energy",54213.0,3592.0,17648.0,12812,"","","",9.0,188.0,102.0,0.0106382979,21.7598108747,0,2020.0,"2005-08-23",22.4,15.7,0.037734,346,3.8,3.8,3.6,3.5,3.4,4.0,3.8,"1","",1,0.0,0.0,"standard",1.0,0.0,0.0,"https://www.energytransfer.com/privacy-policy/"
94341056,"HP","https://www8.hp.com",58,"Computers","Technology",56639.0,2844.0,32499.0,53000,"6.36","6.43",-0.010886469673405817,200.0,5760.0,1280.0,0.0321180556,25.4644444444,2,2020.0,"1998-02-11",9.5,23.2,0.079752,5200,4.0,4.2,4.3,4.0,3.5,3.6,3.6,"1",2.0,1,0.0,1.0,"gdpr",1.0,1.0,1.0,"https://www8.hp.com/us/en/privacy/privacy.html"
17368181,"Prudential Financial (U.S.)","https://www.prudential.com",53,"Insurance: Life and Health","Financials",60169.0,65.0,33268.0,51511,"6.57","","",68.0,1743.0,550.0,0.0229489386,24.9173129493,0,2020.0,"2001-01-01",6.43,20.3,-0.000175,3500,3.8,3.8,3.9,4.0,3.4,3.8,3.5,"1",2.0,1,0.0,1.0,"standard",1.0,1.0,0.0,"https://www.prudential.com/links/privacy-policy"
92380288,"Humana","https://www.humana.com",52,"Health Care: Insurance and Managed Care","Health Care",74388.0,4153.0,54438.0,46000,"6.62","6.36",0.04088050314465405,134.0,1971.0,518.0,0.033992897,17.4310199384,10,2020.0,"1961-01-01",84.6,60.4,0.097317,4200,4.1,4.1,4.3,3.9,3.6,4.1,3.8,"1","",1,0.0,1.0,"standard",0.0,1.0,0.0,"https://www.humana.com/legal/privacy"
48056767,"Procter & Gamble","https://www.pginvestor.com",50,"Soaps and Cosmetics","Household Products",73975.0,13848.0,324875.0,99000,"7.34","7.37",-0.004070556309362313,291.0,8214.0,1629.0,0.0366447529,21.9310917493,0,2020.0,"1905-05-05",12.91,116.3,0.096226,10000,4.2,4.3,4.4,3.4,3.9,4.2,4.0,"1",2.0,1,0.0,1.0,"standard",1.0,1.0,0.0,"https://www.pg.com/privacy/english/privacy_statement.shtml"
55529641,"Walt Disney","https://www.thewaltdisneycompany.com",49,"Entertainment","Media",65388.0,2864.0,315029.0,203000,"8.49","8.39",0.011918951132300314,111.0,4220.0,789.0,0.0236966825,29.5484394347,0,2020.0,"2018-04-14",41.31,3.0,0.003627,8000,4.1,4.1,4.1,3.5,3.4,3.8,3.7,"1",3.0,1,0.0,1.0,"standard",0.0,1.0,1.0,"https://privacy.thewaltdisneycompany.com/en/current-privacy-policy/"
32700926,"MetLife","https://www.metlife.com",48,"Insurance: Life and Health","Financials",65567.0,5842.0,46483.0,49000,"6.23","","",92.0,2256.0,666.0,0.0310283688,23.1420289855,1,2020.0,"1863-01-01",13.84,158.7,0.00638,4600,3.6,3.5,3.8,3.5,3.1,3.8,3.2,"1",3.0,1,0.0,1.0,"standard",1.0,1.0,1.0,"https://www.metlife.com/about-us/privacy-policy/online-privacy-policy/"
31132966,"FedEx","https://www.fedex.com",47,"Delivery","Transportation",74729.0,2452.0,66788.0,374198,"6.08","6.47",-0.0602782071097372,156.0,3653.0,844.0,0.0405146455,22.4189524592,1,2020.0,"1997-10-02",121.01,23.6,0.0396,6600,3.7,3.6,4.0,3.5,3.3,3.6,3.7,"1",6.0,1,0.0,1.0,"standard",1.0,1.0,0.0,"https://www.fedex.com/en-us/trust-center/privacy.html"
79142021,"Facebook","https://investor.fb.com",46,"Interactive Media and Services","Technology",78975.0,25276.0,768185.0,44942,"6.30","7.23",-0.12863070539419094,155.0,4018.0,813.0,0.0363364858,20.8219939305,4,2020.0,"2004-07-29",5.53,16.8,0.139528,6900,4.3,4.2,4.2,3.7,4.0,4.7,4.4,"1",9.0,1,1.0,1.0,"standard",1.0,1.0,0.0,"https://www.facebook.com/privacy/explanation"
56495473,"Intel","https://www.intel.com",45,"Semiconductors and Other Electronic Components","Technology",71965.0,21048.0,202996.0,110800,"6.91","6.31",0.09508716323296364,205.0,5423.0,1164.0,0.0381707542,24.5442146593,1,2020.0,"1989-03-01",9.24,32.2,0.10305,19000,4.0,3.9,4.3,3.9,3.3,3.9,3.8,"1",3.0,1,0.0,1.0,"standard",1.0,1.0,0.0,"https://www.intel.com/content/www/us/en/privacy/intel-privacy-notice.html"
40837856,"Lowe’s","https://www.lowes.com",44,"Specialty Retailers","Retailing",85313.0,5367.0,126315.0,260000,"6.83","","",210.0,5323.0,1079.0,0.042081533,23.9508079046,2,2020.0,"1952-08-01",5.53,68.9,0.157935,33,3.3,2.8,5.0,3.6,2.9,2.5,2.6,"1","",1,0.0,1.0,"standard",1.0,1.0,0.0,"https://www.lowes.com/l/privacy-and-security-statement.html"
90714086,"UPS","https://www.ups.com",43,"Delivery","Transportation",80300.0,4584.0,138166.0,377640,"6.78","6.82",-0.005865102639296193,165.0,5575.0,996.0,0.0337219731,26.8891425465,2,"","","","",0.014655,19000,3.6,3.2,3.9,3.2,3.1,4.0,3.6,"0","",1,0.0,1.0,"standard",1.0,1.0,0.0,"https://www.ups.com/us/en/help-center/legal-terms-conditions/privacy-notice.page"
3894558,"Centene","https://www.centene.com",42,"Health Care: Insurance and Managed Care","Health Care",101690.0,2029.0,36191.0,71100,"6.72","6.43",0.045101088646967345,67.0,1335.0,445.0,0.0374531835,18.7866286545,2,2020.0,"1984-01-01",84.6,37.4,0.046826,2200,3.5,3.4,3.9,3.4,3.0,3.9,3.5,"1",2.0,1,0.0,1.0,"standard",1.0,1.0,0.0,"https://www.centene.com/privacy-policy.html"
18282660,"Freddie Mac","https://www.freddiemac.com",41,"Diversified Financials","Financials",75125.0,7214.0,6404.0,6892,"","","",89.0,2513.0,633.0,0.0262634302,25.0150346289,1,2020.0,"1970-01-01",9.13,51.4,0.003039,1300,4.1,4.0,4.3,4.0,3.5,4.1,3.7,"1/0","",1,0.0,1.0,"standard",1.0,1.0,1.0,"http://www.freddiemac.com/terms/privacy.html"
73313709,"IBM","https://www.ibm.com",38,"Information Technology Services","Technology",73620.0,5590.0,115909.0,352600,"6.62","6.65",-0.004511278195488759,76.0,1994.0,566.0,0.0411233701,24.8377659294,1,"","","","",0.034819,68000,3.7,3.7,4.2,3.8,3.2,3.6,3.6,"1","",1,1.0,1.0,"standard ",1.0,1.0,1.0,"https://www.ibm.com/privacy"
69858041,"Target","https://corporate.target.com",37,"General Merchandisers","Retailing",88621.0,3822.0,94296.0,368000,"7.63","7.92",-0.03661616161616162,200.0,5503.0,1149.0,0.0278030165,24.2714915501,3,2020.0,"1902-02-11",8.78,119.5,0.087847,46000,3.7,3.7,4.1,3.4,3.2,3.6,3.3,"1","",1,0.0,1.0,"standard",1.0,1.0,0.0,"https://www.target.com/c/target-privacy-policy/-/N-4sr7p"
55229784,"State Farm Insurance","https://www.statefarm.com",36,"Insurance: Property and Casualty (Mutual)","Financials",79395.0,5592.7,"",57672,"6.27","6.18",0.014563106796116483,84.0,2035.0,667.0,0.027027027,21.8772083772,4,"","","","",0.021749555,11000,3.6,3.7,4.0,3.5,3.2,3.5,3.4,"1","",1,0.0,1.0,"standard",1.0,1.0,0.0,"https://www.statefarm.com/customer-care/privacy-security/privacy"
16922709,"Johnson & Johnson","https://www.jnj.com",35,"Pharmaceuticals","Health Care",82584.0,14714.0,427473.0,132200,"7.55","8.08",-0.06559405940594062,141.0,4675.0,957.0,0.0297326203,26.2934273903,0,2020.0,"1887-11-10",8.84,133.8,0.075213,9000,4.3,4.3,4.3,4.1,3.9,4.1,3.9,"1",6.0,1,0.0,1.0,"standard",1.0,1.0,0.0,"https://www.jnj.com/corporate/privacy-policy"
83192852,"Dell Technologies","https://www.delltechnologies.com",34,"Computers","Technology",92144.0,2431.0,57773.0,165000,"6.61","6.57",0.0060882800608828055,61.0,1061.0,384.0,0.027332705,20.0393751642,0,2019.0,"2013-01-31",8.78,8.2,0.025317,21000,4.1,4.1,4.2,4.2,3.7,3.9,3.8,"1",1.0,1,0.0,1.0,"standard ",1.0,1.0,1.0,"https://www.delltechnologies.com/content/dam/digitalassets/active/en/unauth/quick-reference-guides/partner/Dell-EMC_Customer_Data_Terms.pdf"
84482324,"General Electric","https://www.ge.com",33,"Industrial Machinery","Industrials",95214.0,4979.0,53132.0,205000,"","","",218.0,4153.0,924.0,0.0243197688,21.0080958388,0,2020.0,"1892-04-15",5.01,129.4,-0.000416,14000,3.7,3.6,3.8,3.6,3.2,3.6,3.4,"1",3.0,1,0.0,1.0,"standard",1.0,1.0,1.0,"https://www.ge.com/privacy"
90987102,"Valero Energy","https://www.valero.com",32,"Petroleum Refining","Energy",102729.0,2422.0,22928.0,10222,"","","",127.0,2891.0,797.0,0.0290556901,21.5164422849,0,2020.0,"1981-06-08",10.75,40.0,-0.01795,551,3.9,3.3,3.1,3.3,3.2,3.8,3.3,"1","",1,0.0,0.0,"standard",0.0,0.0,0.0,"https://www.valero.com/privacy-statement"
96185568,"Citigroup","https://www.citigroup.com",31,"Megabanks","Financials",88839.0,11370.0,131684.0,210000,"6.12","6.08",0.006578947368421058,125.0,4025.0,901.0,0.0337888199,24.8650931677,4,2020.0,"1912-12-31",9.24,108.6,0.005274,20000,3.9,3.8,4.1,3.7,3.4,3.8,3.7,"1",5.0,1,0.0,1.0,"standard",1.0,1.0,1.0,"https://www.citigroup.com/citi/privacy.html"
20224692,"Wells Fargo","https://www.wellsfargo.com",30,"Banks: Commercial and Savings","Financials",103915.0,19549.0,99941.0,259800,"","","",78.0,2015.0,531.0,0.0377171216,21.1521918941,3,2020.0,"1929-01-08",40.03,92.5,0.001847,30000,3.6,3.4,3.8,3.6,3.0,3.8,3.5,"1",6.0,1,0.0,0.0,"standard",1.0,1.0,0.0,"https://www.wellsfargo.com/privacy-security/online/"
31743452,"Anthem","https://www.antheminc.com",29,"Health Care: Insurance and Managed Care","Health Care",121867.0,4572.0,79964.0,70600,"6.69","5.91",0.13197969543147212,39.0,832.0,320.0,0.0384615385,19.4467948718,8,2020.0,"2004-01-01",71.43,17.3,0.062931,2800,3.6,3.4,3.8,3.4,3.0,3.8,3.4,"0",1.0,1,0.0,1.0,"standard",1.0,1.0,0.0,"https://www.antheminc.com/Privacy/index.htm"
82475883,"Comcast","https://corporate.comcast.com",28,"Entertainment","Telecommunications",103564.0,10534.0,223642.0,190000,"","","",66.0,1478.0,438.0,0.0331529093,20.8926231189,2,2020.0,"2001-12-07",71.43,19.4,0.040697,11000,3.9,3.8,4.2,3.7,3.5,4.1,3.7,"1",5.0,1,1.0,1.0,"standard",1.0,1.0,0.0,"https://www.xfinity.com/privacy/policy"
60549119,"Phillips 66","https://www.phillips66.com",27,"Petroleum Refining","Energy",109559.0,3076.0,27084.0,14500,"","","",70.0,2050.0,578.0,0.0365853659,24.4362369338,0,2020.0,"2011-11-10",16.47,9.5,-0.016682,6800,3.8,3.6,4.1,3.7,3.3,4.0,3.5,"1",2.0,1,1.0,1.0,"standard",1.0,0.0,0.0,"https://hr.phillips66.com/Legal-And-Privacy-Statement.aspx"
36053009,"Home Depot","https://www.homedepot.com",26,"Specialty Retailers","Retailing",125631.0,12490.0,295312.0,415700,"7.06","6.28",0.12420382165605084,418.0,7938.0,1169.0,0.0289745528,21.6904025335,6,2020.0,"1978-06-29",7.95,42.9,0.211649,28000,3.9,3.9,4.1,3.6,3.5,3.6,3.6,"1",6.0,1,0.0,1.0,"standard",1.0,1.0,1.0,"https://www.homedepot.com/privacy/Privacy_Security"
4802185,"Bank of America","https://www.bankofamerica.com",25,"Megabanks","Financials",95753.0,17894.0,279768.0,212505,"6.92","6.83",0.013177159590043903,"","","","","",6,2020.0,"1968-11-04",5.53,52.6,0.006811,27000,4.0,4.0,4.3,3.8,3.6,4.1,3.9,"1",7.0,1,0.0,1.0,"standard",1.0,1.0,0.0,"https://www.bankofamerica.com/security-center/privacy-overview/"
59997007,"Fannie Mae","https://www.fanniemae.com",24,"Diversified Financials","Financials",120304.0,14160.0,11350.0,7500,"","","",148.0,4145.0,878.0,0.0395657419,23.9216411828,0,"","","","",0.002961802,1700,4.0,3.8,4.2,4.1,3.5,4.1,3.4,"1","",1,0.0,1.0,"standard",1.0,1.0,0.0,"https://www.fanniemae.com/about-us/corporate-governance/online-privacy-notice"
1710396,"Marathon Petroleum","https://www.marathonpetroleum.com",22,"Petroleum Refining","Energy",124813.0,2637.0,24840.0,60910,"","","",79.0,1905.0,541.0,0.0299212598,21.7400578092,0,2020.0,"2009-11-09",8.79,11.5,-0.01769,886,3.8,3.4,3.5,3.3,3.2,4.3,3.6,"1",4.0,1,0.0,1.0,"standard",0.0,0.0,0.0,"https://www.marathonpetroleum.com/Privacy-Policy/"
56358397,"Microsoft","https://www.microsoft.com",21,"Computer Software","Technology",153554.0,51310.0,1696122.0,163000,"8.30","8.17",0.015911872705018457,1733.0,37360.0,2693.0,0.034127409,20.2441817793,1,2020.0,"1993-09-22",75.47,27.6,0.128113,31000,4.4,4.3,4.3,4.1,4.0,4.1,4.2,"1",1.0,1,1.0,1.0,"gdpr",1.0,1.0,1.0,"https://privacy.microsoft.com/en-us/privacystatement"
25821083,"Verizon Communications","https://www.verizon.com",20,"Telecommunications","Telecommunications",128292.0,17801.0,236948.0,132200,"6.81","7.15",-0.047552447552447655,48.0,857.0,312.0,0.0151691949,20.2105114741,1,2020.0,"1983-10-07",71.43,37.6,0.064531,23000,4.0,3.8,4.3,3.5,3.5,4.3,3.7,"1",7.0,1,1.0,1.0,"standard",1.0,1.0,1.0,"https://www.verizon.com/about/privacy/"
69943097,"JPMorgan Chase","https://www.jpmorganchase.com",17,"Megabanks","Financials",129503.0,29131.0,414465.0,255351,"7.24","7.12",0.016853932584269676,80.0,2191.0,595.0,0.0365130078,23.7893222273,3,2020.0,"1968-10-28",71.43,52.6,0.009592,26000,3.9,3.8,4.0,3.6,3.5,3.8,3.8,"1",12.0,1,0.0,1.0,"standard",1.0,1.0,0.0,"https://www.jpmorgan.com/privacy"
26299420,"Cardinal Health","https://www.cardinalhealth.com",16,"Wholesalers: Health Care","Health Care",154646.0,973.0,16018.0,48000,"5.16","5.71",-0.09632224168126091,157.0,4507.0,1161.0,0.0266252496,24.1120459469,2,2020.0,"1979-05-16",11.59,42.0,0.027605,2700,3.6,3.6,4.0,3.4,3.2,3.6,3.4,"1",3.0,1,0.0,1.0,"standard",1.0,1.0,0.0,"https://www.cardinalhealth.com/en/support/privacy-policy.html"
65966087,"Chevron","https://www.chevron.com",15,"Petroleum Refining","Energy",146516.0,2924.0,156714.0,48200,"","","",102.0,3083.0,819.0,0.0402205644,25.0126741842,0,2020.0,"1926-01-27",16.64,95.5,-0.008693,4000,4.0,4.0,4.1,4.0,3.5,4.1,3.7,"1",11.0,1,0.0,1.0,"standard",0.0,1.0,1.0,"https://www.chevron.com/privacy"
46807785,"Costco Wholesale","https://www.costco.com",14,"General Merchandisers","Retailing",172929.0,4324.0,160040.0,214500,"7.33","7.54",-0.02785145888594164,220.0,4593.0,966.0,0.0335292837,21.3794307543,0,2020.0,"1987-05-12",13.62,34.0,0.077941,8700,4.2,4.0,4.2,3.7,3.7,4.4,4.0,"1",3.0,1,0.0,1.0,"standard",1.0,1.0,0.0,"https://www.costco.com/privacy-policy.html"
82902726,"Cigna","https://www.cigna.com",13,"Health Care: Pharmacy and Other Services","Health Care",154089.0,4917.0,60335.0,73700,"","","",138.0,3530.0,838.0,0.0362606232,22.2998727265,3,2017.0,"1982-01-01",84.6,39.4,0.035741,3300,3.8,3.7,4.0,3.8,3.4,3.7,3.5,"1",2.0,1,0.0,1.0,"standard",1.0,1.0,1.0,"https://www.cigna.com/assets/docs/privacy-notices-and-forms/final-on-line-with-incentive-language.pdf?WT.z_nav=privacyinformation%3BBody%3BOnline%20and%20Mobile%20Privacy%20Statement"
76661259,"Alphabet","https://www.abc.xyz",11,"Internet Services and Retailing","Technology",171704.0,35713.0,1274139.0,132121,"7.68","8.17",-0.05997552019583846,263.0,6576.0,1507.0,0.024026764,22.0696474332,1,2020.0,"2015-07-23",250.72,5.7,0.128979776,20000,4.5,4.4,4.3,4.3,4.1,4.6,4.3,"1","",1,1.0,1.0,"standard",1.0,1.0,1.0,"https://abc.xyz/investor/other/google-code-of-conduct/"
20885145,"AmerisourceBergen","https://www.amerisourcebergen.com",10,"Wholesalers: Health Care","Health Care",189894.0,3409.0,21246.0,22000,"5.57","6.10",-0.08688524590163925,136.0,3889.0,798.0,0.0344561584,23.3487521365,0,2020.0,"2001-03-16",15.08,20.1,0.0328,1200,3.4,3.4,3.8,3.3,3.0,3.8,3.3,"1",2.0,1,0.0,1.0,"standard",1.0,1.0,1.0,"https://amerisourcebergen.com/global-privacy-statement"
10087241,"AT&T","https://www.att.com",9,"Telecommunications","Telecommunications",171760.0,5176.0,206369.0,230760,"7.26","7.27",-0.0013755158184318827,373.0,8345.0,1423.0,0.0321150389,20.879558966,8,2020.0,"1983-10-05",47.82,37.6,0.029765,28000,3.6,3.3,4.1,3.2,2.9,4.0,3.4,"1",7.0,1,1.0,1.0,"standard",1.0,1.0,1.0,"https://about.att.com/csr/home/privacy/full_privacy_policy.html"
23217707,"McKesson","https://www.mckesson.com",8,"Wholesalers: Health Care","Health Care",234194.0,2228.0,29570.0,70000,"6.38","6.78",-0.05899705014749267,100.0,2395.0,669.0,0.0350730689,23.2417954071,2,2019.0,"1994-07-07",14.53,26.8,0.032177,3800,3.8,3.8,4.0,3.6,3.4,3.8,3.6,"1",3.0,1,0.0,1.0,"standard",1.0,1.0,1.0,"https://www.mckesson.com/Privacy-Notice/#:~:text=We will retain your personal,disputes and enforce our agreements."
27610884,"UnitedHealth Group","https://www.unitedhealthgroup.com",7,"Health Care: Insurance and Managed Care","Health Care",257141.0,15403.0,332885.0,325000,"8.14","8.03",0.013698630136986453,97.0,2284.0,700.0,0.0499124343,22.6234603788,1,2020.0,"",84.6,"",0.075452,12000,3.5,3.5,3.8,3.5,3.0,3.4,3.4,"1",1.0,1,0.0,1.0,"standard",1.0,1.0,0.0,"https://www.unitedhealthgroup.com/privacy.html#:~:text=Protecting personal information is important,in the course of business."
51333781,"Berkshire Hathaway","https://www.berkshirehathaway.com",6,"Insurance: Property and Casualty","Financials",247981.0,35845.0,550878.0,391500,"7.64","7.73",-0.011642949547218725,261.0,6204.0,1252.0,0.031108962,22.8478267636,0,2020.0,"1889-01-01",84.6,132.6,0.051524,732,4.1,4.1,3.7,3.9,3.9,3.3,3.7,"1",1.0,1,0.0,1.0,"standard",1.0,1.0,1.0,"https://www.bhhs.com/privacy-policy"
42703456,"CVS Health","https://www.cvshealth.com",5,"Health Care: Pharmacy and Other Services","Health Care",265285.0,7953.0,98496.0,290000,"6.81","7.20",-0.054166666666666745,113.0,3192.0,847.0,0.0338345865,23.7677867234,6,2020.0,"1996-08-22",14.53,24.7,0.037687,22000,3.1,2.9,3.6,2.8,2.7,3.0,3.0,"0",5.0,1,0.0,1.0,"standard",1.0,1.0,0.0,"https://cvshealth.com/privacy-policy"
24788477,"Apple","https://www.apple.com",4,"Computers","Technology",294135.0,63930.0,2221176.0,147000,"","","",172.0,3678.0,890.0,0.0396954867,20.1358701013,7,2020.0,"1977-01-03",67.6,44.4,0.133611,22000,4.3,4.3,4.4,3.6,3.8,4.3,3.9,"1",6.0,1,1.0,1.0,"standard",1.0,1.0,1.0,"https://www.apple.com/legal/privacy/en-ww/"
18843081,"Exxon Mobil","https://www.exxonmobil.com",3,"Petroleum Refining","Energy",264938.0,14340.0,177923.0,74900,"-","-","",155.0,3748.0,871.0,0.0277481323,22.8632932833,0,2020.0,"1882-08-05",9.47,139.1,-0.018408,5500,3.2,2.7,3.1,3.1,2.4,4.0,3.3,"1",14.0,1,1.0,1.0,"standard",1.0,0.0,0.0,"https://corporate.exxonmobil.com/Global-legal-pages/privacy-policy"
18101757,"Amazon","https://www.amazon.com",2,"Internet Services and Retailing","Retailing",347945.0,17377.0,1637405.0,1125300,"7.75","","",129.0,3328.0,846.0,0.0282451923,22.975629845,0,2020.0,"1996-05-28",16.23,24.9,0.052381,72000,3.7,3.5,4.0,3.2,3.2,3.8,3.7,"1",20.0,1,1.0,1.0,"standard",1.0,1.0,1.0,"https://www.amazon.com/gp/help/customer/display.html?nodeId=GX7NJQ4ZB8MHFRNJ"
7268382,"Walmart","https://www.stock.walmart.com",1,"General Merchandisers","Retailing",548743.0,19742.0,411690.0,2200000,"7.00","7.64",-0.08376963350785337,230.0,6002.0,1109.0,0.0349883372,23.8404601365,8,2020.0,"1969-10-31",12.44,51.6,0.068886,67000,3.3,3.0,3.6,3.0,2.8,3.3,3.3,"1",8.0,1,0.0,1.0,"standard",1.0,1.0,0.0,"https://corporate.walmart.com/privacy-security/walmart-privacy-policy"
